title,journal,publish_time
Association between family financial decline due to COVID-19 and generalized anxiety disorder among Korean adolescents,J Affect Disord,2022-07-15
A global and regional view of the opportunity for climate-smart mariculture,"Philosophical transactions of the Royal Society of London. Series B, Biological sciences",2022-07-04
"Prevalence, Predictors and Outcomes of Documented DNR and/or DNI Orders in COVID-19 Patients (S522)",Journal of Pain and Symptom Management,2022-05-31
Effect of COVID-19 on air pollution related illnesses in India,Ann Med Surg (Lond),2022-05-26
Risk factors associated with quadbike crashes: a systematic review.,World journal of emergency surgery : WJES,2022-05-26
Cancer patients’ understandings of genetic variants of uncertain significance in clinical care,J Community Genet,2022-05-26
Imaging findings in acute pediatric coronavirus disease 2019 (COVID-19) pneumonia and multisystem inflammatory syndrome in children (MIS-C),Pediatr Radiol,2022-05-26
Toward more realistic social distancing policies via advanced feedback control,,2022-05-25
Survival of rural telehealth services post-pandemic in Australia: A call to retain the gains in the 'new normal'.,The Australian journal of rural health,2022-05-25
A Federated and Distributed Data Management Infrastructure to Enable Public Health Surveillance from Intensive Care Unit Data.,Studies in health technology and informatics,2022-05-25
"The impact of community closures among nonessential and essential workers, Nashville, Tennessee: A cross‐sectional study",Health Sci Rep,2022-05-24
Connecting workplace attachment and pro-environmental behaviors in zoo and aquarium professionals.,Zoo biology,2022-05-24
EQ-5D-Y Value Set for Germany,Pharmacoeconomics,2022-05-23
A case of Bacillus subtilis var. natto bacteremia caused by ingestion of natto during COVID-19 treatment in a maintenance hemodialysis patient with multiple myeloma.,Journal of infection and chemotherapy : official journal of the Japan Society of Chemotherapy,2022-05-23
"Graphene-based temperature, humidity, and strain sensor: A review on progress, characterization, and potential applications during Covid-19 pandemic",Sens Int,2022-05-23
Understanding the perceived behavior of public utility bus passengers during the era of COVID-19 pandemic in the Philippines: Application of social exchange theory and theory of planned behavior,,2022-05-23
DNA methylation and expression profiles of placenta and umbilical cord blood reveal the characteristics of gestational diabetes mellitus patients and offspring,Clin Epigenetics,2022-05-23
Biomolecular solution X-ray scattering at n2STAR Beamline,bioRxiv,2022-05-22
Optimal Group Testing Strategy for the Mass Screening of SARS-CoV-2,Omega,2022-05-22
"Utility of line probe assay in detecting drug resistance and the associated mutations in patients with extrapulmonary tuberculosis in Addis Ababa, Ethiopia",SAGE Open Med,2022-05-20
"Outdoor-to-Indoor 28 GHz Wireless Measurements in Manhattan: Path Loss, Environmental Effects, and 90% Coverage",,2022-05-19
Low expression of TMPRSS2–a SARS-CoV-2 internalization protease–associates with basal subtype of head and neck squamous cell carcinoma,Transl Oncol,2022-05-19
Modelling the Daily Electricity Demand of Electric Vessels in Plymouth,,2022-05-19
Perspective: Role of Micronutrients and Omega-3 Long-chain polyunsaturated Fatty Acids for Immune Outcomes of Relevance to Infections in Older Adults - a Narrative Review and Call for Action.,Advances in nutrition,2022-05-19
Detecting Covid19 and Pneumonia from chest X-Ray images using Deep Convolutional Neural Networks,Mater Today Proc,2022-05-19
Time for Resolution of COVID-19 Vaccine-Related Lymphadenopathy and Associated Factors.,AJR. American journal of roentgenology,2022-05-18
Multi-omic comparative analysis of COVID-19 and bacterial sepsis-induced ARDS,,2022-05-17
"An Open, Prospective Cohort Study of VV116 in Chinese Participants Infected with SARS-CoV-2 Omicron Variants.",Emerging microbes & infections,2022-05-17
Does periodontitis influence the risk of COVID-19? A scoping review.,Clinical and experimental dental research,2022-05-17
"Study protocol to test the efficacy of self-administration of dexmedetomidine sedative therapy on anxiety, delirium, and ventilator days in critically ill mechanically ventilated patients: an open-label randomized clinical trial",Trials,2022-05-16
Appropriate relaxation of non-pharmaceutical interventions minimizes the risk of a resurgence in SARS-CoV-2 infections in spite of the Delta variant,PLoS Comput Biol,2022-05-16
The Synthesis of Urolithins and Their Derivatives and the Modes of Antitumor Action.,Mini reviews in medicinal chemistry,2022-05-16
Multistate Models for the Recovery Process in the Covid-19 Context: An Empirical Study of Chinese Enterprises,Int J Disaster Risk Sci,2022-05-16
Chalcone Scaffolds Exhibiting Acetylcholinesterase Enzyme Inhibition: Mechanistic and Computational Investigations,Molecules,2022-05-16
The impacts of COVID-19 on K-8 science teaching and teachers,Discip Interdscip Sci Educ Res,2022-05-16
Towards a Comprehensive Solution for a Vision-based Digitized Neurological Examination,IEEE journal of biomedical and health informatics,2022-05-15
Suppression of pituitary hormone genes in subjects who died from COVID-19 independently of virus detection in the gland,J Clin Endocrinol Metab,2022-05-14
Implementing and evaluating online advance care planning training in UK nursing homes during COVID-19: findings from the Necessary Discussions multi-site case study project,BMC Geriatr,2022-05-13
E-Mail Assistant -- Automation of E-Mail Handling and Management using Robotic Process Automation,,2022-05-12
Collateral effect of the COVID-19 pandemic on cardiology service provision and cardiovascular mortality in a population-based study: COVID-COR-LT,Clin Res Cardiol,2022-05-12
"Toll-like Interleukin -1 Receptor Regulator (TILRR) Protein, a Major Modulator of Inflammation, is Expressed in Normal Human and Macaque Tissues and PBMCs",J Inflamm Res,2022-05-12
Impact of System and Diagnostic Errors on Medical Litigation Outcomes: Machine Learning-Based Prediction Models,Healthcare (Basel),2022-05-12
Any Future for Faecal Microbiota Transplantation as a Novel Strategy for Gut Microbiota Modulation in Human and Veterinary Medicine?,Life (Basel),2022-05-12
"Anti-Asian Xenophobia, Hate Crime Victimization, and Fear of Victimization During the COVID-19 Pandemic",J Interpers Violence,2022-05-11
"PVP1—The People’s Ventilator Project: A fully open, low-cost, pressure-controlled ventilator research platform compatible with adult and pediatric uses",PLoS One,2022-05-11
Breakthrough COVID-19 Infections in the US: Implications for Prolonging the Pandemic,Vaccines (Basel),2022-05-11
"“DOST” Model to Link and Support Drug Resistant TB Patients From Private Sector: An Experience From Delhi, India",Front Public Health,2022-05-11
"Financial modeling, risk management of energy and environmental instruments and derivatives: past, present, and future",Ann Oper Res,2022-05-10
Reduction in Hospital Admissions for Cardiovascular Diseases (CVDs) during the Coronavirus Disease 2019 (COVID-19) Pandemic: A Retrospective Study from a Southern Italian Region in the Year 2020,Healthcare (Basel),2022-05-09
Endothelial β-Catenin Deficiency Causes Blood-Brain Barrier Breakdown via Enhancing the Paracellular and Transcellular Permeability,Front Mol Neurosci,2022-05-09
Anti-SARS-CoV-2S Antibody Levels in Healthcare Workers 10 Months after the Administration of Two BNT162b2 Vaccine Doses in View of Demographic Characteristic and Previous COVID-19 Infection,Vaccines (Basel),2022-05-09
"COVID-19 Vaccination Willingness Among People Living With HIV in Wuhan, China",Front Public Health,2022-05-09
Classification and detection of COVID-19 X-Ray images based on DenseNet and VGG16 feature fusion,Biomed Signal Process Control,2022-05-08
"Antibody Evasion of SARS-CoV-2 Omicron BA.1, BA.1.1, BA.2 and BA.3 Sub-lineages",Cell Host Microbe,2022-05-08
The determinants of China’s outward foreign direct investment: a vector error correction model analysis of coastal and landlocked countries,Econ Change Restruct,2022-05-07
Evaluation of a Multilevel Program to Improve Clinician Adherence to Management Guidelines for Acute Ischemic Stroke,JAMA Netw Open,2022-05-06
Evaluation of water footprint in sugar industries and bioethanol distilleries in two different water basins toward water sustainability,Int J Environ Sci Technol (Tehran),2022-05-05
Fear of Covid-19 and health-related outcomes: results from two Brazilian population-based studies,Psychiatry Res,2022-05-04
Expanding a Regional Sickle Cell Disease Project ECHO(®) to Rapidly Disseminate COVID-19 Education,Adv Med Educ Pract,2022-05-04
Impact of an Immune Modulator Mycobacterium-w on Adaptive Natural Killer Cells and Protection Against COVID-19,Front Immunol,2022-05-04
Air pollution and meteorological variables’ effects on COVID-19 first and second waves in Spain,Int J Environ Sci Technol (Tehran),2022-05-04
Assessing the Effects of the COVID-19 Pandemic on Nontraditional Students’ Mental Health and Well-Being,Adult Educ Q (Am Assoc Adult Contin Educ),2022-05-03
"Researching COVID-19 in progressive MS requires a globally coordinated, multi-disciplinary and multi-stakeholder approach—perspectives from the International Progressive MS Alliance",Mult Scler J Exp Transl Clin,2022-05-03
Artificial intelligence and medical education: A global mixed-methods study of medical students’ perspectives,Digit Health,2022-05-02
Age-Related Differences in Psychological Distress during the COVID-19 Pandemic,Int J Environ Res Public Health,2022-05-02
Maximal rough neighborhoods with a medical application,J Ambient Intell Humaniz Comput,2022-05-02
"Improved student performance in cardiovascular physiology despite the pandemic, class size increase and switching to a pass/fail grading system.",FASEB journal : official publication of the Federation of American Societies for Experimental Biology,2022-05-01
Impact of Smoking On Immunomodulation Of Dental Pulp Stem Cells.,FASEB journal : official publication of the Federation of American Societies for Experimental Biology,2022-05-01
Hyper inflammatory syndrome following COVID-19 mRNA vaccine in children: A national post-authorization pharmacovigilance study,Lancet Reg Health Eur,2022-04-29
"Livogrit, a herbal formulation of Boerhavia diffusa, Phyllanthus niruri and Solanum nigrum reverses the thioacetamide induced hepatocellular toxicity in zebrafish model",Toxicol Rep,2022-04-29
Thyrotoxicosis occurrence in SARS-CoV-2 infection: A case report,Ann Med Surg (Lond),2022-04-29
The role of shear dynamics in biofilm formation,NPJ Biofilms Microbiomes,2022-04-29
Economic Challenges and Behavioral and Mental Health Risks for Overdose during the COVID-19 Pandemic among People Who Inject Drugs,Int J Environ Res Public Health,2022-04-28
Consensus models with aggregation operators for minimum quadratic cost in group decision making,Appl Intell (Dordr),2022-04-28
"BCG vaccine to reduce healthcare worker absenteeism in COVID-19 pandemic, a randomized controlled trial",Clin Microbiol Infect,2022-04-28
Artificial intelligence in medicine: Overcoming or recapitulating structural challenges to improving patient care?,Cell Rep Med,2022-04-27
Vascular cognitive impairment and dementia: An early career researcher perspective,Alzheimers Dement (Amst),2022-04-27
COVID-19 Contact Tracing Highlights Disparities: Household Size and Low-English Proficiency,Health Equity,2022-04-27
Higher contact among vaccinated can be a mechanism for negative vaccine effectiveness,,2022-04-27
Telemonitoring in Long-COVID Patients—Preliminary Findings,Int J Environ Res Public Health,2022-04-26
"Screening for infectious maternal morbidity - knowledge, attitudes and perceptions among healthcare providers and managers in Malawi: a qualitative study",BMC Pregnancy Childbirth,2022-04-26
Usefulness of the SF-36 Health Survey questionnaire in screening for health-related quality of life among parents of children with cancer: Latent profile analysis,J Prev Med Hyg,2022-04-26
Conducting Couple Therapy via Telehealth: Special Considerations for Virtual Success,J Health Serv Psychol,2022-04-25
Mortality trends and lengths of stay among hospitalized COVID-19 patients in Ontario and Québec (Canada): a population-based cohort study of the first three epidemic waves,Int J Infect Dis,2022-04-25
Field Evaluation of the New Rapid NG-Test(®) SARS-CoV-2 Ag for Diagnosis of COVID-19 in the Emergency Department of an Academic Referral Hospital,Front Public Health,2022-04-25
Virtual reality in Metaverse for future mental health-helping profession: an alternative solution to the mental health challenges of the COVID-19 pandemic,J Public Health (Oxf),2022-04-25
The Practical Problem With Carbapenem Testing and Reporting Accurate Bacterial Susceptibilities,Front Pharmacol,2022-04-25
Personal Research Knowledge Graphs,,2022-04-25
The impact of the COVID‐19 pandemic on cancer diagnosis based on pathology notifications: A comparison across the Nordic countries during 2020,Int J Cancer,2022-04-25
Green Tea (Camellia sinensis) Products as Alternatives to Antibiotics in Poultry Nutrition: A Review,Antibiotics (Basel),2022-04-23
A new estimation method for COVID-19 time-varying reproduction number using active cases,Sci Rep,2022-04-23
An agent-based study on the airborne transmission risk of infectious disease in a fever clinic during COVID-19 pandemic,Build Environ,2022-04-22
"The Heavy Particulate Matter Pollution During the COVID‐19 Lockdown Period in the Guanzhong Basin, China",J Geophys Res Atmos,2022-04-22
"Characteristics, complications, and a comparison between early and late tracheostomy: A retrospective observational study on tracheostomy in patients with COVID‐19‐related acute respiratory distress syndrome",Health Sci Rep,2022-04-22
LncRNA LYPLAL1-AS1 rejuvenates human adipose-derived mesenchymal stem cell senescence via transcriptional MIRLET7B inactivation,Cell Biosci,2022-04-21
"Pregnancy and COVID-19, focus on vaccine and pharmacological treatment",J Reprod Immunol,2022-04-21
"Aspirin to target arterial events in chronic kidney disease (ATTACK): study protocol for a multicentre, prospective, randomised, open-label, blinded endpoint, parallel group trial of low-dose aspirin vs. standard care for the primary prevention of cardiovascular disease in people with chronic kidney disease",Trials,2022-04-21
Mechanotransduction in Mesenchymal Stem Cells (MSCs) Differentiation: A Review,Int J Mol Sci,2022-04-21
The Effect of the Image of Destinations on Household Income and Distribution: Evidence From China’s Tourist Cities,Front Psychol,2022-04-21
"Endothelial Cell Phenotype, a Major Determinant of Venous Thrombo-Inflammation",Front Cardiovasc Med,2022-04-21
Intervention studies to encourage vaccination using narrative: a systematic scoping review protocol,BMJ Open,2022-04-21
12th Korea Healthcare Congress 2021; 김치국부터 마시지 말라; The Time for Digital Health is Almost Here,Yonsei Med J,2022-04-20
Attachment styles and happiness in the elderly: the mediating role of reminiscence styles,BMC Geriatr,2022-04-20
Caring for the Critically Ill Patient with COVID-19,Clin Chest Med,2022-04-20
Normalizing and denoising protein expression data from droplet-based single cell profiling,Nat Commun,2022-04-19
Peptide-Based Vaccines and Therapeutics for COVID-19,Int J Pept Res Ther,2022-04-19
Effectiveness of using E-learning systems during COVID-19 in Saudi Arabia: Experiences and perceptions analysis of engineering students,Educ Inf Technol (Dordr),2022-04-19
"Dexamethasone: Insights into Pharmacological Aspects, Therapeutic Mechanisms, and Delivery Systems",ACS Biomater Sci Eng,2022-04-19
Resolution of Inflammation in Retinal Disorders: Briefly the State,Int J Mol Sci,2022-04-19
An optimized flow cytometry protocol for simultaneous detection of T cell activation induced markers and intracellular cytokines: application to SARS-Cov-2 vaccinated individuals,,2022-04-19
Modelling epidemic spread in cities using public transportation as a proxy for generalized mobility trends,Sci Rep,2022-04-16
Multiplexed detection of bacterial nucleic acids using Cas13 in droplet microarrays,PNAS Nexus,2022-04-15
"Relationship between Mother’s emotional intelligence, negative parenting behaviour, Preschooler’s attachment instability, and smart device overdependence",BMC Public Health,2022-04-14
Azithromycin: An Underappreciated Quinolone-Sparing Oral Treatment for Pseudomonas aeruginosa Infections,Antibiotics (Basel),2022-04-13
Functional foods with antiviral activity,Food Sci Biotechnol,2022-04-13
Clinical trial site matching with improved diversity using fair policy learning,,2022-04-13
The relation between COVID-19 vaccinations and public governance to improve preparedness of next pandemic impacts and crisis management: a global study,,2022-04-12
A retrospective study on the effect of the COVID-19 pandemic on dental treatments in adults,BMC Oral Health,2022-04-12
2-Deoxy-D-Glucose and its Derivatives for the COVID-19 Treatment: An Update,Front Pharmacol,2022-04-12
Global Pandemic Preparedness: Optimizing Our Capabilities and the Influenza Experience,Vaccines (Basel),2022-04-12
Microbiological contamination of indoor and outdoor environments in a desert climate,Environ Monit Assess,2022-04-11
Optic chiasmatic potential by endoscopically implanted skull base microinvasive biosensor: a brain-machine interface approach for anterior visual pathway assessment,Theranostics,2022-04-11
COVID-19 Infection in Children: Diagnosis and Management,Curr Infect Dis Rep,2022-04-11
"Somatic Symptoms: Association Among Affective State, Subjective Body Perception, and Spiritual Belief in Japan and Indonesia",Front Psychol,2022-04-11
Recent advances in green technology and Industrial Revolution 4.0 for a sustainable future,Environ Sci Pollut Res Int,2022-04-09
"Peer reviewers equally critique theory, method, and writing, with limited effect on the final content of accepted manuscripts",Scientometrics,2022-04-09
Alienated and unsafe: Experiences of the first national UK COVID‐19 lockdown for vulnerable young people (aged 11–24 years) as revealed in Web‐based therapeutic sessions with mental health professionals,Couns Psychother Res,2022-04-09
Influenza and Other Prophylactic Vaccination Coverage in Polish Adult Patients Undergoing Allergen Immunotherapy—A Survey Study among Patients and Physicians,Vaccines (Basel),2022-04-08
Invariant in variants,Ultrasonics,2022-04-08
Managing disruption at a distance: Unequal experiences of people living with long-term conditions during the COVID-19 pandemic,Soc Sci Med,2022-04-08
A Therapeutic Pathway in Patients with Chronic Coronary Syndromes: Proposal for Optimization,J Clin Med,2022-04-08
Augmented Reality-Centered Position Navigation for Wearable Devices with Machine Learning Techniques,J Healthc Eng,2022-04-07
Circling back to PTEN: Fumarate inhibits canonical tumor suppressor.,Molecular cell,2022-04-07
COVID-CXNet: Detecting COVID-19 in frontal chest X-ray images using deep learning,Multimed Tools Appl,2022-04-07
"Low-grade inflammation, CoVID-19, and obesity: clinical aspect and molecular insights in childhood and adulthood",Int J Obes (Lond),2022-04-07
FEBDNN: fusion embedding-based deep neural network for user retweeting behavior prediction on social networks,Neural Comput Appl,2022-04-06
Transparency of COVID-19-Related Research in Dental Journals,Front Oral Health,2022-04-06
Identification of the most common BRCA alterations through analysis of germline mutation databases: Is droplet digital PCR an additional strategy for the assessment of such alterations in breast and ovarian cancer families?,Int J Oncol,2022-04-06
The Role of Flavonoids in the Osteogenic Differentiation of Mesenchymal Stem Cells,Front Pharmacol,2022-04-06
Audiological findings in individuals diagnosed with COVID-19,Am J Otolaryngol,2022-04-06
Assess and address: Screening and management of depression in patients with chronic heart failure.,Journal of the American Association of Nurse Practitioners,2022-04-05
Severe Breakthrough COVID-19 Cases during Six Months of Delta Variant (B.1.617.2) Domination in Poland,Vaccines (Basel),2022-04-04
SARS-CoV-2 entry sites are present in all structural elements of the human glossopharyngeal and vagal nerves: Clinical implications,EBioMedicine,2022-04-04
"Community Transmission of SARS-CoV-2 Omicron Variant, South Korea, 2021",Emerg Infect Dis,2022-04-03
Social movement organizing and the politics of emotion from HIV to Covid‐19,Sociol Compass,2022-04-03
"Ludangshen oral liquid for treatment of convalescent COVID-19 patients: a randomized, double-blind, placebo-controlled multicenter trial",Chin Med,2022-04-02
Surveillance of Barrett's esophagus using wide-area transepithelial sampling: systematic review and meta-analysis.,Endoscopy international open,2022-04-01
Comparison of pregnancy and neonatal outcomes of intracytoplasmic sperm injection performed with frozen versus fresh testicular sperm.,Translational andrology and urology,2022-04-01
Protective or harmful? A qualitative exploration of older people’s perceptions of worries about falling,Age Ageing,2022-04-01
INVESTIGATION AND LONG-TERM MONITORING OF THE PRESENCE OF NEUTRALIZING ANTIBODY IN PATIENTS WITH COVID-19 DISEASE OF DIFFERENT CLINICAL SEVERITY.,Journal of medical virology,2022-04-01
Hybrid Single-Port Cholecystectomy of a Pediatric Gallbladder Volvulus.,Cureus,2022-04-01
"Diagnosing, Managing, and Controlling COVID-19 using Clinical Decision Support Systems: A Study to Introduce CDSS Applications",J Biomed Phys Eng,2022-04-01
Designing AbhiSCoVac - A single potential vaccine for all ‘corona culprits’: Immunoinformatics and immune simulation approaches,J Mol Liq,2022-04-01
Identifying Population at Risk for Diabetes Mellitus through International Diabetes Federation Questionnaire - A Simple Yet Valuable Tool.,The Journal of the Association of Physicians of India,2022-04-01
MeadoWatch: a long-term community-science database of wildflower phenology in Mount Rainier National Park,Sci Data,2022-04-01
GLP-1 Mediates Regulation of Colonic ACE2 Expression by the Bile Acid Receptor GPBAR1 in Inflammation,Cells,2022-04-01
Aspects radiologiques du neuro-COVID: véritable lien de causalité ou simple coïncidence,Journal of Neuroradiology,2022-03-31
COVID-19 vaccine hesitancy among marginalized populations in the U.S. and Canada: Protocol for a scoping review,PLoS One,2022-03-31
Preadmission use of antidiabetic medications and mortality among patients with COVID-19 having type 2 diabetes: A meta-analysis,Metabolism,2022-03-31
Inferring the reproduction number using the renewal equation in heterogeneous epidemics,J R Soc Interface,2022-03-30
Predicting the impact of climate change on the re-emergence of malaria cases in China using LSTMSeq2Seq deep learning model: a modelling and prediction analysis study,BMJ Open,2022-03-30
"Fatal Unintentional Non-Fire Related Carbon Monoxide Poisoning: Data from Narrative Verdicts in England and Wales, 1998–2019",Int J Environ Res Public Health,2022-03-30
"Engaging the Wisdom of Older Veterans to Enhance VA Healthcare, Research, and Services",J Gen Intern Med,2022-03-29
How to improve the COVID-19 health education strategy in impoverished regions: a pilot study,Infect Dis Poverty,2022-03-29
"Il-6, Il-1β and cytokine-targeted therapy for COVID -19 patients: two more reasons to take into account statins?",Expert review of cardiovascular therapy,2022-03-28
Inflammatory cytokines and cardiac arrhythmias: the lesson from COVID-19,Nat Rev Immunol,2022-03-28
Expression of glycosaminoglycans in cirrhotic liver and hepatocellular carcinoma—a pilot study including etiology,Anal Bioanal Chem,2022-03-28
Hospital at Home for Elderly COVID-19 Patients: A Preliminary Report with 100 Patients,J Clin Med,2022-03-26
THE IMPACT OF ROUTINES ON EMOTIONAL AND BEHAVIOURAL DIFFICULTIES IN CHILDREN AND ON PARENTAL ANXIETY DURING COVID-19,,2022-03-25
"Accuracy of clustered regularly interspaced short palindromic repeats (CRISPR) to diagnose COVID-19, a meta-analysis",Microb Pathog,2022-03-25
Pulmonary Kaposi Sarcoma without Respiratory Symptoms and Skin Lesions in an HIV-Naïve Patient: A Case Report and Literature Review,Infect Dis Rep,2022-03-25
"SARS-CoV-2 Omicron triggers cross-reactive neutralization and Fc effector functions in previously vaccinated, but not unvaccinated individuals",Cell Host Microbe,2022-03-25
Effects Of Lockdown On Sleep Pattern In The General Population During Covid-19 Pandemic.,Indian J Psychiatry,2022-03-24
Attention to the Tail(s): Global Financial Conditions and Exchange Rate Risks,IMF Econ Rev,2022-03-24
Inhalable polymer nanoparticles for versatile mRNA delivery and mucosal vaccination,bioRxiv,2022-03-23
“The Stakes Are Higher”- Patient and Caregiver Perspectives on Cystic Fibrosis Research and Personalized Medicine,Front Med (Lausanne),2022-03-23
Inhibition of calcium-triggered secretion by hydrocarbon-stapled peptides,Nature,2022-03-23
Challenges of the Omicron (B.1.1.529) Variant and Its Lineages: A Global Perspective,Chembiochem,2022-03-23
Real-World Effectiveness of Wearable Augmented Reality Device for Patients With Hearing Loss: Prospective Study,JMIR Mhealth Uhealth,2022-03-23
A framework for critical care triage during a major surge in critical illness,Can J Anaesth,2022-03-23
Evaluating South African and Namibian governments’ use of digital media during Covid‐19,World Med Health Policy,2022-03-23
Education in Radiation Oncology—Current Challenges and Difficulties,Int J Environ Res Public Health,2022-03-22
Innovating for a Safe Simulation Challenge During a Pandemic: An Avatar Simulation Concept,Simul Healthc,2022-03-22
Variation in the seasonality of the respiratory syncytial virus during the COVID-19 pandemic,Infection,2022-03-22
Langfristige körperliche und psychische Folgen chronischer Nierenerkrankungen,Bundesgesundheitsblatt Gesundheitsforschung Gesundheitsschutz,2022-03-21
Child Abuse as an Example of Coexistence of Emotional and Physical Trauma Among Children: An Academic Overview With Altmetric Perspective,Cureus,2022-03-21
Evaluation of the Use of Telehealth Video Visits for Veterans With Chronic Pain,Pain Manag Nurs,2022-03-21
Patterns of Alcohol Use Among Italian Young Adults Before and During a COVID-19 Lockdown: A Latent Class Analysis Study,J Prev (2022),2022-03-19
COVID-19 pandemic-related change in racial and ethnic disparities in exclusive breastmilk feeding during the delivery hospitalization: a differences-in-differences analysis,BMC Pregnancy Childbirth,2022-03-19
Digital health for quality healthcare: A systematic mapping of review studies,Digit Health,2022-03-18
Estimation Model for Healthcare Costs and Intensive Care Units Access for Covid-19 Patients and Evaluation of the Effects of Remdesivir in the Portuguese Context: Hypothetical Study,Clin Drug Investig,2022-03-17
The IWH-BEAT Questionnaire Validation,Int J Environ Res Public Health,2022-03-17
SARS-CoV-2 receptor binding domain displayed on HBsAg virus–like particles elicits protective immunity in macaques,Sci Adv,2022-03-16
Heavy traffic limits for queues with non-stationary path-dependent arrival processes,Queueing Syst,2022-03-15
Illuminating Music: Impact of Color Hue for Background Lighting on Emotional Arousal in Piano Performance Videos,Front Psychol,2022-03-15
Impacts and Lessons Learned of the First Three COVID-19 Waves on Cross-Border Collaboration in the Field of Emergency Medical Services and Interhospital Transports in the Euregio-Meuse-Rhine: A Qualitative Review of Expert Opinions,Front Public Health,2022-03-15
Informative Causality Extraction from Medical Literature via Dependency-tree based Patterns,,2022-03-13
Afucosylation of HLA-specific IgG1 as a potential predictor of antibody pathogenicity in kidney transplantation,,2022-03-12
The embarking of COVID-19 and the perishable products’ value chain in Ethiopia,J Innov Entrep,2022-03-12
"Prevalence and Predictors of Depression, Anxiety and Stress among Elderly in the aftermath of COVID-19: A Quantitative Study from Central India",,2022-03-12
Endothelial Dysfunction in SARS-CoV-2 Infection,Biomedicines,2022-03-11
Trends in Engagement With Opioid Use Disorder Treatment Among Medicaid Beneficiaries During the COVID-19 Pandemic,JAMA Health Forum,2022-03-11
"Security awareness of single sign-on account in the academic community: the roles of demographics, privacy concerns, and Big-Five personality",PeerJ Comput Sci,2022-03-11
Alveolar regeneration following viral infection is independent of tuft cells,bioRxiv,2022-03-11
When is a pandemic officially 'over'?,Science,2022-03-11
Health risk analysis from volatile organic compounds and fine particulate matter in the printing industry,Int J Environ Sci Technol (Tehran),2022-03-10
Riboflavin for COVID-19 Adjuvant Treatment in Patients With Mental Health Disorders: Observational Study,Front Pharmacol,2022-03-10
Non-magnetic and magnetically responsive support materials immobilized peroxidases for biocatalytic degradation of emerging dye pollutants-A review.,International journal of biological macromolecules,2022-03-09
Impact of Testing Strategies to Combat a Major Syphilis Outbreak Among Australian Aboriginal and Torres Strait Islander Peoples: A Mathematical Modeling Study,Open Forum Infect Dis,2022-03-09
Family Relationships Under Work From Home: Exploring the Role of Adaptive Processes,Front Public Health,2022-03-09
The Icarus Flight of Perinatal Stem and Renal Progenitor Cells Within Immune System,Front Immunol,2022-03-09
"Soil-sediment linkage and trace element contamination in forested/deforested areas of the Itacaiúnas River Watershed, Brazil: To what extent land-use change plays a role?",The Science of the total environment,2022-03-08
Preparedness of Undergraduate Medical Students to Combat COVID-19: A Tertiary Care Experience on the Effectiveness and Efficiency of a Training Program and Future Prospects,Cureus,2022-03-08
Adult acute respiratory distress syndrome due to human parvovirus B19 infection after cardiac surgery: a case report,BMC Infect Dis,2022-03-07
Anti-viral triterpenes: a review,Phytochem Rev,2022-03-05
The monocyte to lymphocyte ratio not only at baseline but also at relapse predicts poor outcomes in patients with hepatocellular carcinoma receiving locoregional therapy.,BMC gastroenterology,2022-03-04
Safer If Connected? Mobile Technology and Intimate Partner Violence.,Demography,2022-03-04
Aligning quality improvement efforts and policy goals in a national integrated health system.,Health services research,2022-03-04
Risk factors for depression and anxiety in pregnant women during the COVID-19 pandemic: Evidence from meta-analysis,PLoS One,2022-03-04
Abstract No.: ABS0875: Utilisation of machine learning in predicting clinical outcome in COVID-19,Indian J Anaesth,2022-03-03
Developing an Educational Website for Women With Endometriosis-Associated Dyspareunia: Usability and Stigma Analysis,JMIR Hum Factors,2022-03-03
Analysis of a Huge Amount of Network Traffic Based on Quantum Machine Learning,Aut,2022-03-01
"Evaluation of the Impact of Environmental Changes on Asthma Control in Children, Access to Health Care, and Treatment Adherence in Early COVID-19 Lockdown.",Turkish archives of pediatrics,2022-03-01
ECHOPAEDIA: Echography in Paediatric Patients in the Age of Coronavirus Disease 2019: Utility of Lung Ultrasound and Chest X-Ray in Diagnosis of Community-Acquired Pneumonia and Severe Acute Respiratory Syndrome Coronavirus 2 Pneumonia,Front Pediatr,2022-02-28
The Role of Plant Growth Promoting Rhizosphere Microbiome as Alternative Biofertilizer in Boosting Solanum melongena L. Adaptation to Salinity Stress.,Plants,2022-02-28
Adenovirus 5 Vectors Expressing SARS-CoV-2 Proteins,mSphere,2022-02-28
COVID-19 Pandemic: Escape of Pathogenic Variants and MHC Evolution,Int J Mol Sci,2022-02-28
Acceptance of E-Mental Health Services for Different Application Purposes Among Psychotherapists in Clinical Training in Germany and Switzerland: Secondary Analysis of a Cross-Sectional Survey,Front Digit Health,2022-02-28
Case Report: Tackling Complement Hyperactivation With Eculizumab in Atypical Hemolytic Uremic Syndrome Triggered by COVID-19,Front Pharmacol,2022-02-28
The Impact of the Third Wave of the COVID-19 Pandemic on the Elderly and Very Elderly Population in a Tertiary Care Hospital in Portugal,Cureus,2022-02-27
Practical guidelines for management of patients with suspected or confirmed COVID-19 hospitalized in a child and adolescent psychiatric ward.,Psychiatria polska,2022-02-27
The Development of Teacher Burnout and the Effects of Resource Factors: A Latent Transition Perspective,Int J Environ Res Public Health,2022-02-26
Prodrug Therapies for Infectious and Neurodegenerative Diseases,Pharmaceutics,2022-02-26
Students’ preferences for returning to colleges and universities during the COVID-19 pandemic: A discrete choice experiment,Socioecon Plann Sci,2022-02-25
Educational status and COVID-19 related outcomes in India: hospital-based cross-sectional study,BMJ Open,2022-02-25
Detection of SARS-CoV-2 in air and on surfaces in rooms of infected nursing home residents,,2022-02-25
Sentiment analysis and topic modeling for COVID-19 vaccine discussions,World Wide Web,2022-02-25
Updated AHA Basic and Advanced Cardiac Life Support guidance with COVID-19 considerations,Nursing,2022-02-24
Current Understanding of Hypoxia in Glioblastoma Multiforme and Its Response to Immunotherapy.,Cancers,2022-02-24
Detection of SARS-CoV-2 infection in the general population by three prevailing rapid antigen tests: cross-sectional diagnostic accuracy study,BMC Med,2022-02-24
Ultrasonographic Confirmation of Nasogastric Tube Placement in the COVID-19 Era,J Pers Med,2022-02-23
"Mindestmengenregelungen in der Chirurgie aus Sicht der Fachgesellschaft (DGCH): Spagat zwischen Wissenschaft, Politik, Versorgungsrealität und einer Reihe weiterer Aspekte",Chirurg,2022-02-23
Phenomenological Study on the Study Experience of Part-Time Nursing Postgraduates,J Healthc Eng,2022-02-23
A type I interferon response defines a conserved microglial state required for effective neuronal phagocytosis,bioRxiv,2022-02-22
A new threshold reveals the uncertainty about the effect of school opening on diffusion of Covid-19,Sci Rep,2022-02-22
"Multiplex, Real-Time, Point-of-care RT-LAMP for SARS-CoV-2 Detection Using the HFman Probe",ACS Sens,2022-02-22
Proteoform Profiles Reveal That Alpha-1-Antitrypsin in Human Serum and Milk Is Derived From a Common Source,Front Mol Biosci,2022-02-22
Effectiveness Evaluation of a Primary School-Based Intervention against Heatwaves in China,Int J Environ Res Public Health,2022-02-22
Branch retinal vein occlusion in a healthy young man following mRNA COVID-19 vaccination,Am J Ophthalmol Case Rep,2022-02-18
Infection and vaccination status of COVID-19 among healthcare professionals in academic platform: Prevision vs. reality of Bangladesh context,PLoS One,2022-02-18
Psychological Intervention to Improve Communication and Patient Safety in Obstetrics: Examination of the Health Action Process Approach,Front Psychol,2022-02-18
Discrete Poisson hardcore 1D model and reinfections,,2022-02-18
Digitalisierung im Gesundheitswesen und ihre Effekte auf die Qualität der Gesundheitsversorgung,Bundesgesundheitsblatt Gesundheitsforschung Gesundheitsschutz,2022-02-18
Length is not all that matters: testing the role of number identity and the ratio of fillers in comparisons of multi-digits with different digit length,Psychol Res,2022-02-18
Venture Capital in the Rise of Sustainable Investment,Eur Bus Org Law Rev,2022-02-17
Covid-19 and the Impact on Referrals to Psychiatry in those 65 years and Older.,Irish medical journal,2022-02-17
Comparison of next generation diagnostic systems (NGDS) for the detection of SARS‐CoV‐2,J Clin Lab Anal,2022-02-17
Humoral Immunogenicity and Reactogenicity of the Standard ChAdOx1 nCoV-19 Vaccination in Taiwan,Vaccines (Basel),2022-02-17
Remineralizing Effects of Resin-Based Dental Sealants: A Systematic Review of In Vitro Studies.,Polymers,2022-02-17
Impact of virtual care on health-related quality of life in children with diabetes mellitus: a systematic review protocol,BMJ Open,2022-02-16
Screening and Identification of Human Endogenous Retrovirus-K mRNAs for Breast Cancer Through Integrative Analysis of Multiple Datasets,Front Oncol,2022-02-16
Rapid Improvement Following Receipt of Infliximab in Steroid-refractory Durvalumab-Associated Grade 3 Pneumonitis,Cureus,2022-02-16
The Double-Edged Sword Effect of Relational Crafting on Job Well-Being,Front Psychol,2022-02-16
Research Landscape of Artificial Intelligence and e-Learning: A Bibliometric Research,Front Psychol,2022-02-16
Effectiveness of a novel semi‐closed barrier device with a personalized exhaust in cough aerosol simulation according to particle counts and visualization of particles,Indoor Air,2022-02-15
Early Use of Sarilumab in Patients Hospitalized with COVID-19 Pneumonia and Features of Systemic Inflammation: the SARICOR Randomized Clinical Trial,Antimicrobial agents and chemotherapy,2022-02-15
Identification of nafamostat mesylate as a selective stimulator of NK cell IFN-γ production via metabolism-related compound library screening,Immunol Res,2022-02-15
mRNA COVID-19 vaccine booster fosters B- and T-cell responses in immunocompromised patients,Life Sci Alliance,2022-02-15
Justificativa e Desenho do Ensaio Clínico Randomizado COVID-19 Outpatient Prevention Evaluation (COPE - Coalition V): Hidroxicloroquina vs. Placebo em Pacientes Não Hospitalizados,Arq. bras. cardiol,2022-02-14
Instrumental activities of daily living in adults with the DM1 childhood phenotype: going beyond motor impairments.,Neuromuscular disorders : NMD,2022-02-13
Genetic Engineering Systems to Study Human Viral Pathogens from the Coronaviridae Family,Mol Biol,2022-02-12
Was it Good for You? Gender Differences in Motives and Emotional Outcomes Following Casual Sex,Sex Cult,2022-02-11
Acute exacerbations in children's interstitial lung disease.,Thorax,2022-02-11
Do Global Adolescents With Food Insecurity Feel Lonely?,Front Public Health,2022-02-10
Pharmacological Activities of Soursop (Annona muricata Lin.),Molecules,2022-02-10
Effects of physical activity as an adjunct treatment on healing outcomes and recurrence of venous leg ulcers: A scoping review.,Wound repair and regeneration : official publication of the Wound Healing Society [and] the European Tissue Repair Society,2022-02-10
"Ibuprofen in Therapeutic Concentrations Affects the Secretion of Human Bone Marrow Mesenchymal Stromal Cells, but Not Their Proliferative and Migratory Capacity",Biomolecules,2022-02-10
Automated Detection of Vaping-Related Tweets on Twitter During the 2019 EVALI Outbreak Using Machine Learning Classification,Front Big Data,2022-02-10
Lysophosphatidic Acid Promotes the Expansion of Cancer Stem Cells via TRPC3 Channels in Triple-Negative Breast Cancer,Int J Mol Sci,2022-02-10
Psychosocial burden and associated factors among nurses in care homes during the COVID-19 pandemic: findings from a retrospective survey in Germany,BMC Nurs,2022-02-10
"Synthetic approaches to 1,2,4-triazolo[5,1-c][1,2,4]triazin-7-ones as basic heterocyclic structures of the antiviral drug Riamilovir (""Triazavirin®"") active against SARS-CoV-2 (COVID-19).",Organic & biomolecular chemistry,2022-02-09
Age-Related Susceptibility of Ferrets to SARS-CoV-2 Infection,J Virol,2022-02-09
How Do Ecosystem Services Affect Poverty Reduction Efficiency? A Panel Data Analysis of State Poverty Counties in China,Int J Environ Res Public Health,2022-02-08
Clinical and Economic Impact of COVID-19 on Plantation Workers: Preliminary Results from the Guatemala Agricultural Workers and Respiratory Illness Impact (AGRI) Study,medRxiv,2022-02-08
"Impact of the COVID-19 pandemic on vulnerable groups, including homeless persons and migrants, in France: A qualitative study",Prev Med Rep,2022-02-08
Impact of Network Centrality and Income on Slowing Infection Spread after Outbreaks,,2022-02-08
"Prediction of Conventional Oxygen Therapy Failure in COVID-19 Patients With Acute Respiratory Failure by Assessing Serum Lactate Concentration, PaO2/FiO2 Ratio, and Body Temperature",Cureus,2022-02-07
Associations between presence of Bartonella species deoxyribonucleic acid and complete blood cell count and serum biochemical changes in client‐owned cats,J Vet Intern Med,2022-02-07
Why Physical Activity Should Be Considered in Clinical Trials for COVID-19 Vaccines: A Focus on Risk Groups,Int J Environ Res Public Health,2022-02-07
The economic burden of influenza among adults aged 18 to 64: A systematic literature review,Influenza Other Respir Viruses,2022-02-05
Perceptions and Expectations of School-Based Professionals Surrounding School-Based Mindfulness Training in Appalachia During the COVID-19 Pandemic: A Qualitative Study,Front Public Health,2022-02-04
Peculiarities of the T Cell Immune Response in COVID-19,Vaccines (Basel),2022-02-04
Late bilateral vocal cord palsy following endotracheal intubation due to COVID-19 pneumonia,Rev Esp Anestesiol Reanim (Engl Ed),2022-02-03
Evaluation of hospital environment for presence of Mucorales during COVID-19 associated mucormycosis outbreak in India – A multi-centre study,J Hosp Infect,2022-02-03
Association of HLA-DM and HLA class II Genes with Antibody Response Induced by Inactivated Japanese Encephalitis Vaccine.,HLA,2022-02-03
Cerebral Venous Sinus Thrombosis following COVID-19 Vaccination: Analysis of 552 Worldwide Cases,Vaccines (Basel),2022-02-03
Traveling Waves in a SIRH Model with Spatio-Temporal Delay and Nonlocal Dispersal,Acta Math Sci,2022-02-03
Real-Time Georeferencing of Fire Front Aerial Images Using Iterative Ray-Tracing and the Bearings-Range Extended Kalman Filter,Sensors (Basel),2022-02-02
"The web-based application “QUiPP v.2” for the prediction of preterm birth in symptomatic women is not yet ready for worldwide clinical use: ten reflections on development, validation and use",Arch Gynecol Obstet,2022-02-02
Round Cells in Diagnostic Semen Analysis: A Guide for Laboratories and Clinicians,Br J Biomed Sci,2022-02-02
Augmented Intelligence in Joint Replacement Surgery: How can artificial intelligence (AI) bridge the gap between the man and the machine?,Arthroplasty,2022-02-02
Surgical patient satisfaction with a virtual hybrid care hotel model: A retrospective cohort study.,Annals of medicine and surgery,2022-02-01
"Disparities of Access, Use, and Barriers to Seeking Health Care Services in Arizona.",Medical care,2022-02-01
Bordetella bronchiseptica pneumonia in an immunocompetent pig farmer,IDCases,2022-02-01
"Diagnosis of Indigenous Non-Malarial Vector-Borne Infections from Malaria Negative Samples from Community and Rural Hospital Surveillance in Dhalai District, Tripura, North-East India",Diagnostics (Basel),2022-02-01
Cancer broncho-pulmonaire : est-il un facteur d’infection et d’aggravation au cours du COVID-19,Revue des Maladies Respiratoires Actualités,2022-01-31
Rewarding cognitive effort increases the intrinsic value of mental labor,Proc Natl Acad Sci U S A,2022-01-31
USO DE TOCILIZUMAB EM PACIENTES COM PNEUMONIA PELA COVID 19: UMA SÉRIE DE 52 CASOS EM UM HOSPITAL PRIVADO,The Brazilian Journal of Infectious Diseases,2022-01-31
POSC413 A Systematic Review of Real-World Clinical Practice Data in COVID-19: Non-Interventional Studies,Value in Health,2022-01-31
The HAND-Q: Psychometrics of a New Patient-reported Outcome Measure for Clinical and Research Applications,Plast Reconstr Surg Glob Open,2022-01-31
PERFIL MICROBIOLÓGICO DO HOSPITAL ESTADUAL MÁRIO COVAS: ANÁLISE COMPARATIVA ENTRE JUNHO/2019 A JUNHO/2020 VERSUS JULHO/2020 A JUNHO/2021,The Brazilian Journal of Infectious Diseases,2022-01-31
Humoral immunogenicity of COVID-19 vaccines in patients with inflammatory rheumatic diseases under treatment with Rituximab: a case-control study (COVID-19VacRTX),Rheumatology (Oxford),2022-01-30
COVID-19 CT Scan Lung Segmentation: How We Do It,J Digit Imaging,2022-01-28
Usefulness of ultrasound in the diagnosis of nosocomial maxillary sinusitis in patients with severe Covid-19 pneumonia: a retrospective study,J Ultrasound,2022-01-28
Pulse oximeters’ measurements vary across ethnic groups: An observational study in patients with Covid-19 infection,Eur Respir J,2022-01-27
Adverse events following COVISHIELD (ChAdOx1nCoV-19) vaccination among health care workers in Sri Lanka; a multi-centre cross sectional survey,,2022-01-26
Tackling the politics of intersectoral action for the health of people and planet,BMJ,2022-01-26
Younger generations are more interested than older generations in having non-domesticated animals as pets,PLoS One,2022-01-26
"Preparedness for paediatric cardiopulmonary resuscitation amongst medical doctors working in primary health care facilities in Cape Town, South Africa",S Afr Fam Pract (2004),2022-01-26
Lipid-Based Nanocarriers in Renal RNA Therapy,Biomedicines,2022-01-26
"Changes in lifestyle, mood, and disease management among community-dwelling older adults during the COVID-19 pandemic in China",Aging Health Res,2022-01-26
Citrullination in the pathology of inflammatory and autoimmune disorders: recent advances and future perspectives,Cell Mol Life Sci,2022-01-25
Multiple Early Factors Anticipate Post-Acute COVID-19 Sequelae,Cell,2022-01-25
Facilitating sexual and reproductive health services for adolescent girls in the COVID-19 era: An urgent public health priority,Afr J Prim Health Care Fam Med,2022-01-25
"Functional loss and mortality in randomized clinical trials for amyotrophic lateral sclerosis: to combine, or not to combine - that is the estimand.",Clinical pharmacology and therapeutics,2022-01-25
Has the Sudden Health Emergency Impacted Public Awareness? Survey-Based Evidence from China,Behav Sci (Basel),2022-01-25
A drug-free strategy to combat bacterial infections with magnetic nanoparticles biosynthesized in bacterial pathogens.,Nanoscale,2022-01-24
Modelling and projections of the COVID-19 epidemic and the potential impact of social distancing in Cameroon,J Public Health Afr,2022-01-24
L’incidence des traumatismes de la main a-t-elle diminué pendant les confinements dans le contexte épidémique COVID-19? Etude cas-témoin dans un centre SOS main français,Ann Chir Plast Esthet,2022-01-24
Exploring auditory acoustic features for the diagnosis of the Covid-19,,2022-01-22
"From the First to the Second Wave of COVID-19: Anxiety, De-Pressive, and Post-Traumatic Stress Symptoms in the Italian Population",Int J Environ Res Public Health,2022-01-22
A flexible energy management approach for smart healthcare on the internet of patients (IoP),J Supercomput,2022-01-21
A multicentric survey among patients with substance use disorders during the COVID-19 lockdown in India,Indian J Psychiatry,2022-01-21
Airborne particle dispersion by high flow nasal oxygen: An experimental and CFD analysis,PLoS One,2022-01-21
Mobility enhancement among older adults 75 + in rural areas: Study protocol of the MOBILE randomized controlled trial,BMC Geriatr,2022-01-20
Allosteric perspective on the mutability and druggability of the SARS-CoV-2 Spike protein,Structure,2022-01-20
"The Ability of Saudi Parents’ To Detect Early Language Delay in Their Children: A Study in Primary Health Care Centers, King Abdulaziz Medical City, Riyadh, Saudi Arabia",Cureus,2022-01-20
Adverse Perinatal Outcomes in COVID-19 Infected Pregnant Women: A Systematic Review and Meta-Analysis,Healthcare (Basel),2022-01-20
Non-nucleoside structured compounds with antiviral activity—past 10 years (2010–2020),Eur J Med Chem,2022-01-19
Training medical students in physical examination and point-of-care ultrasound: An assessment of the needs and barriers to acquiring skills in point-of-care ultrasound,J Family Community Med,2022-01-19
Intercostal Muscle Abscesses in Infective Endocarditis Associated With Migratory Deposition of Calcium Pyrophosphate,Cureus,2022-01-18
Employment Consequences of COVID-19 for People with Disabilities and Employers,J Occup Rehabil,2022-01-17
Factors associated with insomnia among frontline nurses during COVID-19: a cross-sectional survey study,BMC Psychiatry,2022-01-17
Direct comparison of different therapeutic cell types susceptibility to inflammatory cytokines associated with COVID-19 acute lung injury,Stem Cell Res Ther,2022-01-15
Practice Ownership Intentions of Pediatric Dentistry Residents and the Influence of Educational Debt.,Pediatric dentistry,2022-01-15
Investigation of CYP2E1 and Caspase-3 Gene Expressions in COVID-19 patients,Gene Rep,2022-01-15
Surgical and mediastinal emphysema in critically ill COVID-19 patients: A multicentric experience,Ann Thorac Med,2022-01-14
Life before and after COVID-19: The ‘New Normal’ Benefits the Regularity of Daily Sleep and Eating Routines among College Students,Nutrients,2022-01-14
Pathogenicity and genome-wide sequence analysis reveals relationships between soybean mosaic virus strains,Arch Virol,2022-01-13
Treatment Noncompliance Level Among Patients with Type 2 Diabetes Mellitus: A Hospital Based Cross-Sectional Study in Bangladesh.,,2022-01-13
"Prevalence of Somatic Symptoms and Quality of Life Among Married Women Having a Distant Relationship With Their Spouses in Mangalore, India",,2022-01-13
Intelligent Diagnosis Method for New Diseases Based on Fuzzy SVM Incremental Learning,Comput Math Methods Med,2022-01-13
COVID-19 associated mucormycosis – an emerging threat,J Microbiol Immunol Infect,2022-01-13
Safe and Stable Lithium Metal Batteries Enabled by an Amide-Based Electrolyte,Nanomicro Lett,2022-01-12
Health System Strategy to Safely Provide Surgical Care During the Covid-19 Pandemic,NEJM Catal Innov Care Deliv,2022-01-12
Assessing the Antecedents and Consequence of Enterprise Transformation: A Quantitative Approach,Front Psychol,2022-01-12
How Work–Family Conflict and Work–Family Facilitation Affect Employee Innovation: A Moderated Mediation Model of Emotions and Work Flexibility,Front Psychol,2022-01-11
Comment on ‘SARS-CoV-2 suppresses anticoagulant and fibrinolytic gene expression in the lung’,eLife,2022-01-11
Optimal Management of the Public and Patients by Pharmacists in the Era of COVID-19: An Evidence-Based Review and Practical Recommendations,Front Public Health,2022-01-11
Investigating the Efficacy and Safety of Thalidomide for Treating Patients With ß-Thalassemia: A Meta-Analysis,Front Pharmacol,2022-01-11
Analytical Challenges and Metrological Approaches to Ensuring Dietary Supplement Quality: International Perspectives,Front Pharmacol,2022-01-11
Is there a multiple sclerosis personality? Personality characteristics in newly diagnosed multiple sclerosis and association with mood and cognition.,Journal of the neurological sciences,2022-01-11
The Effects of Urban Green Space on Depressive Symptoms of Mid-Aged and Elderly Urban Residents in China: Evidence from the China Health and Retirement Longitudinal Study,Int J Environ Res Public Health,2022-01-10
Mechanisms of the Effects of Short-Term Inhalations of Xe and O(2) Gas Mixture in the Rehabilitation of Post-COVID Ventilation Failure,Bull Exp Biol Med,2022-01-10
Droplet precautions on-site (DroPS) during the influenza season 2018/2019: a possible alternative to single room isolation for respiratory viral infections,Antimicrob Resist Infect Control,2022-01-09
Clinical impact of pneumothorax in patients with Pneumocystis jirovecii pneumonia and respiratory failure in an HIV-negative cohort,BMC Pulm Med,2022-01-08
Effects of an 8-Week Mindfulness Course on Affective Polarization,Mindfulness (N Y),2022-01-07
How do international faculty at Japanese universities view their integration?,High Educ (Dordr),2022-01-07
What level of D-dimers can safely exclude pulmonary embolism in COVID-19 patients presenting to the emergency department?,Eur Radiol,2022-01-07
Energy markets responds to Covid-19 pandemic,Resour Policy,2022-01-06
Safety and immunogenicity of SARS-CoV-2 mRNA-1273 and BNT162b2 vaccines in people living with HIV.,AIDS,2022-01-06
What do we know about evidence-informed priority setting processes to set population-level health-research agendas: an overview of reviews,Bull Natl Res Cent,2022-01-06
Receptor binding and complex structures of human ACE2 to spike RBD from Omicron and Delta SARS-CoV-2,Cell,2022-01-06
Determinants and trends of COVID-19 vaccine hesitancy and vaccine uptake in a national cohort of U.S. adults: A longitudinal study,Am J Epidemiol,2022-01-05
Negotiating Stakeholder Relationships in a Regional Circular Economy: Discourse Analysis of Multi-scalar Policies and Company Statements from the North of England,Circ Econ Sustain,2022-01-05
SARS-CoV-2 treatment effects induced by ACE2-expressing microparticles are explained by the oxidized cholesterol-increased endosomal pH of alveolar macrophages,Cell Mol Immunol,2022-01-04
A purine metabolic checkpoint that prevents autoimmunity and autoinflammation,Cell Metab,2022-01-04
Adapting Elements of Cleft Care Protocols in Low- and Middle-income Countries During and After COVID-19: A Process-driven Review With Recommendations.,The Cleft palate-craniofacial journal : official publication of the American Cleft Palate-Craniofacial Association,2022-01-04
Comparison of Rapid and Automated Antigen Detection Tests for the Diagnosis of SARS-CoV-2 Infection,Diagnostics (Basel),2022-01-04
Perceptions of Medical Undergraduate Students on Curricular Changes in Anatomy: An Embedded Design Mixed Method Study,J Adv Med Educ Prof,2022-01-03
History of Heart Failure in Patients Hospitalized Due to COVID-19: Relevant Factor of In-Hospital Complications and All-Cause Mortality up to Six Months,J Clin Med,2022-01-03
SARS-CoV-2 Nucleocapsid Protein TR-FRET Assay Amenable to High Throughput Screening,ACS Pharmacol Transl Sci,2022-01-03
Impact of telelactation services on breastfeeding outcomes among Black and Latinx parents: protocol for the Tele-MILC randomized controlled trial,Trials,2022-01-03
Head-to-head comparison of nasal and nasopharyngeal sampling using SARS-CoV-2 rapid antigen testing in Lesotho,,2022-01-01
The Opioid Crisis: Prevalence and Markets of Opioids.,Forensic science review,2022-01-01
High-dimensional Bayesian Optimization Algorithm with Recurrent Neural Network for Disease Control Models in Time Series,,2022-01-01
A case-control study on the severity postpartum depression among COVID19 positive mother,Ann Med Surg (Lond),2022-01-01
Through the Looking Glass: Remote Versus In-Person Videotaped Neurologic Assessment of Essential Tremor.,Movement disorders clinical practice,2022-01-01
Hopelessness in New York State Physicians During the First Wave of the COVID-19 Outbreak.,Journal of neurosurgical anesthesiology,2022-01-01
Byzantine-robust federated learning via credibility assessment on non-IID data.,Mathematical biosciences and engineering : MBE,2022-01-01
Subjective cognitive decline is associated with higher anxiety and depression during the COVID‐19‒related confinement,Alzheimers Dement,2021-12-31
An in-silico approach to design potential siRNAs against the ORF57 of Kaposi’s sarcoma-associated herpesvirus,Genomics Inform,2021-12-31
Could Small Neurotoxins-Peptides be Expressed during SARS-CoV-2 Infection?,Curr Genomics,2021-12-31
Active environmental surveillance of SARS-CoV-2 in Midwestern United States meatpacking plants,PLoS One,2021-12-31
Effectiveness and safety of oral lactococci-based vaccine encoding triple common allergens to prevent airway allergy in mice,PLoS One,2021-12-31
Non-invasive devices for respiratory sound monitoring,Procedia Computer Science,2021-12-31
Persistent SARS-CoV-2 infection in patients with secondary antibody deficiency: successful clearance following combination casirivimab and imdevimab (REGN-COV2) monoclonal antibody therapy,Ann Clin Microbiol Antimicrob,2021-12-30
Loop-Mediated Isothermal Amplification (LAMP) as a Promising Point-of-Care Diagnostic Strategy in Avian Virus Research,Animals (Basel),2021-12-30
Assessment of Safety of Remdesivir in Covid -19 Patients with Estimated Glomerular Filtration Rate (eGFR) < 30 ml/min per 1.73 m^2.,Journal of intensive care medicine,2021-12-30
Comparative efficacy and safety of antivascular endothelial growth factors for central retinal vein occlusion: A protocol for systematic review and network meta-analysis,Medicine (Baltimore),2021-12-30
"Global proteomics of fibroblast cells treated with bacterial cyclic dinucleotides, c-di-GMP and c-di-AMP",,2021-12-29
Genetic counseling access for parents of newborns who screen positive for cystic fibrosis: consensus guidelines.,Pediatric pulmonology,2021-12-29
Production of human translation-competent lysates using dual centrifugation,RNA biology,2021-12-29
Disgusting Democrats and Repulsive Republicans: Members of Political Outgroups Are Considered Physically Gross.,Personality & social psychology bulletin,2021-12-29
Digital Innovation in Multiple Sclerosis Management,Brain Sci,2021-12-29
"""Everyone is Living in the Same Storm, but our Boats are all Different"": Safety and Safety Planning for Survivors of Intimate Partner and Sexual Violence During the COVID-19 Pandemic.",Journal of interpersonal violence,2021-12-29
How to think about severe acute respiratory syndrome coronavirus 2 vaccination for pregnant and lactating women in China.,Zhong nan da xue xue bao. Yi xue ban = Journal of Central South University. Medical sciences,2021-12-28
Worry and behaviour at the start of the COVID-19 outbreak: results from three UK surveys (the COVID-19 Rapid Survey of Adherence to Interventions and Responses [CORSAIR] study),Prev Med Rep,2021-12-27
Prevalence and correlates of COVID-19-related traumatic stress symptoms among older adults: A national survey,J Psychiatr Res,2021-12-27
Impact of the COVID-19 pandemic on drug-related problems and pharmacist interventions in geriatric acute care units,Ann Pharm Fr,2021-12-27
"Indonesia Medical Students’ Knowledge, Attitudes, and Practices toward COVID-19",Heliyon,2021-12-27
"Secukinumab demonstrates efficacy, safety and tolerability upon administration by 2 mL autoinjector in adult patients with plaque psoriasis: 52-week results from MATURE, a randomized, placebo-controlled trial.",Dermatologic therapy,2021-12-25
"Economic Freedom: The Top, the Bottom, and the Reality. I. 1997–2007",Entropy (Basel),2021-12-25
Relative Importance of Various Inflammatory Markers and Their Critical Thresholds for COVID-19 Mortality,,2021-12-25
The Bubble of Normalisation: A Qualitative Study of Carers of People With Dementia Who Do Not Seek Help for a Diagnosis.,Journal of geriatric psychiatry and neurology,2021-12-24
Antiviral Strategies Using Natural Source-Derived Sulfated Polysaccharides in the Light of the COVID-19 Pandemic and Major Human Pathogenic Viruses,Viruses,2021-12-24
Domains of delirium severity in Alzheimer's disease and related dementias.,Journal of the American Geriatrics Society,2021-12-24
Machine Learning Identifies Cellular and Exosomal MicroRNA Signatures of Lyssavirus Infection in Human Stem Cell-Derived Neurons,Front Cell Infect Microbiol,2021-12-24
Magnet-assisted electrochemical immunosensor based on surface-clean Pd-Au nanosheets for sensitive detection of SARS-CoV-2 spike protein,Electrochim Acta,2021-12-23
Mourning in quarantine,International Journal of Applied Psychoanalytic Studies,2021-12-23
"Hospital-wide antigen screening for coronavirus disease in a tertiary reference center in Sapporo, Japan: A single-center observational study",Medicine (Baltimore),2021-12-23
Students’ age and parental level of education influence COVID-19 vaccination hesitancy,Eur J Pediatr,2021-12-22
Salivary Ferritin Changes in Patients with COVID-19,Int J Environ Res Public Health,2021-12-21
Electrochemical Method for Ease Determination of Sodium Diclofenac Trace Levels in Water Using Graphene—Multi-Walled Carbon Nanotubes Paste Electrode,Int J Environ Res Public Health,2021-12-21
Demographic and Clinical Factors Associated with Reactivity of Anti-SARS-CoV-2 Antibodies in Serbian Convalescent Plasma Donors,Int J Environ Res Public Health,2021-12-21
Six-month follow-up of functional status in discharged patients with coronavirus disease 2019,BMC Infect Dis,2021-12-20
Innovations in the Insect Cell Expression System for Industrial Recombinant Vaccine Antigen Production,Vaccines (Basel),2021-12-20
Chronic Pulmonary Aspergillosis and Type 2 Diabetes Mellitus Complicating Granulomatosis with Polyangiitis in an Adult Saudi Male: A Case Report,Int Med Case Rep J,2021-12-20
(Un)disclosed. Disease disclosure in people living with rheumatic diseases: An exploratory study.,International journal of rheumatic diseases,2021-12-20
Increased burst coding in deep layers of the ventral anterior cingulate cortex during neuropathic pain.,Scientific reports,2021-12-20
Ecological Livability Assessment of Urban Agglomerations in Guangdong-Hong Kong-Macao Greater Bay Area,Int J Environ Res Public Health,2021-12-18
Antiviral activity of aframomum melegueta against severe acute respiratory syndrome coronaviruses type 1 and 2,S Afr J Bot,2021-12-18
Equivalence of the GeneXpert System and GeneXpert Omni System for tuberculosis and rifampicin resistance detection,PLoS One,2021-12-17
Prevalence and associated factors of COVID-19 across Italian regions: a secondary analysis from a national survey on physiotherapists,Arch Physiother,2021-12-17
Knowledge and perceptions of Australian postgraduate veterinary students prior to formal education of antimicrobial use and antimicrobial resistance,One Health,2021-12-17
Cinderella's shoe won't fit Soundarya: An audit of facial processing tools on Indian faces,,2021-12-17
Villanova ReachOut Forming Connections with Older Adults,Innov Aging,2021-12-17
Cardboard Bed Without Mattress Is Ineffective in Improving the body Contact Pressure-a Preliminary Study Using a Dummy Model,Inquiry,2021-12-17
Federal Interventions Targeting Social Isolation and Loneliness: An Exploratory Review,Innov Aging,2021-12-17
Acceptability and Feasibility of the ProLiSMental Psychoeducational Intervention to Promote Adolescents' Mental Health Literacy on Anxiety in a School Context.,Issues in mental health nursing,2021-12-16
"Detection of Glial Fibrillary Acidic Protein in Patient Plasma Using On-Chip Graphene Field-Effect Biosensors, in Comparison with ELISA and Single-Molecule Array",ACS Sens,2021-12-15
"Clinical profile and short-term outcomes of RT-PCR- positive patients with COVID-19: a cross-sectional study in a tertiary care hospital in Dhaka, Bangladesh",BMJ Open,2021-12-15
Correction: Biomedical graduate student experiences during the COVID-19 university closure,PLoS One,2021-12-14
Public Emotional and Coping Responses to the COVID-19 Infodemic: A Review and Recommendations,Front Psychiatry,2021-12-14
The Importance of Genomic Literacy and Education in Nursing,Front Genet,2021-12-14
Impact of the COVID-19 Pandemic on Community Antibiotic Prescribing and Stewardship: A Qualitative Interview Study with General Practitioners in England,Antibiotics (Basel),2021-12-14
Efficacy of the commercial plant products acting against influenza-a review,Futur J Pharm Sci,2021-12-14
Efficacy of Prolonged-Release Melatonin 2 mg (PRM 2 mg) Prescribed for Insomnia in Hospitalized Patients for COVID-19: A Retrospective Observational Study,J Clin Med,2021-12-14
Therapeutic interfering particles exploiting viral replication and assembly mechanisms show promising performance: a modelling study,Sci Rep,2021-12-13
Interventions to Improve the Willingness to Work Among Health care Professionals in Times of Disaster: A Scoping Review,Inquiry,2021-12-13
Tiotropium bromide as adjunct therapy in children with asthma: a clinical experience,Allergy Asthma Clin Immunol,2021-12-12
(SARS-CoV-2) COVID 19: Genomic surveillance and evaluation of the impact on the population speaker of indigenous language in Mexico,,2021-12-11
Use of a motion-based digital therapeutic in women with fecal incontinence: A pilot study.,Neurourology and urodynamics,2021-12-11
Effectiveness and safety of acupuncture combined with traditional Chinese medicine in the treatment of chronic prostatitis: A systematic review and meta-analysis,Medicine (Baltimore),2021-12-10
Reduced Susceptibility and Increased Resistance of Bacteria against Disinfectants: A Systematic Review,Microorganisms,2021-12-10
Characteristics of peripheral white blood cells in COVID-19 patients revealed by a retrospective cohort study,BMC Infect Dis,2021-12-09
A national open‐access research registry to improve recruitment to clinical studies,Alzheimers Dement (N Y),2021-12-09
Learning From Each Other in the Management of Natural Disaster and COVID-19 Pandemic: A Case Study in Taiwan,Front Public Health,2021-12-09
Concomitant Single-Stage Unifocalization and Cavopulmonary Anastomosis (Glenn Shunt) in an Adolescent Patient With Univentricular Physiology and Major Aortopulmonary Collateral Arteries: A Technically Challenging Case,Cureus,2021-12-08
A Scoping Review of Supply Chain Management Systems for Point of Care Diagnostic Services: Optimising COVID-19 Testing Capacity in Resource-Limited Settings,Diagnostics (Basel),2021-12-08
Combination therapy of tocilizumab and steroid for COVID‐19 patients: A meta‐analysis,J Med Virol,2021-12-07
Barriers to breast cancer screening are worsened amidst COVID-19 pandemic: A review,Clin Imaging,2021-12-07
Are smokers scared by COVID-19 risk? How fear and comparative optimism influence smokers’ intentions to take measures to quit smoking,PLoS One,2021-12-07
Analysis of swept-source optical coherence tomography angiography measurement alterations in adult patients recovered from COVID-19.,Clinical & experimental optometry,2021-12-07
Are We Approaching Peak Meat Consumption? Analysis of Meat Consumption from 2000 to 2019 in 35 Countries and Its Relationship to Gross Domestic Product,Animals (Basel),2021-12-06
Peri-Traumatic Distress and Its Relationship to Resilience and Coping Among Medical Students in Malaysia During COVID-19 Lockdown,Front Psychiatry,2021-12-06
Toward a Taxonomy of Trust for Probabilistic Machine Learning,,2021-12-05
The prevalence of turnover intention and influencing factors among emergency physicians: a national observation,Hum Resour Health,2021-12-04
"546. Therapeutic Effect of Regdanvimab in Patients with Mild to Moderate COVID-19: Day 28 Results from a Multicentre, Randomised, Controlled Pivotal Trial",Open Forum Infect Dis,2021-12-04
281. Prevalence of Influenza Co-infection in a Real-world Cohort of COVID-19 Patients in the U.S,Open Forum Infect Dis,2021-12-04
Successful Total Tracheal Replacement by Cryopreserved Aortic Allograft in a Patient Post-COVID-19 Infection,Chest,2021-12-03
The 2021 Neurosurgery Match: An Analysis of the Impact of Virtual Interviewing and Other COVID-19–Related Changes,World Neurosurg,2021-12-02
How does internet use affect ecological footprint?: An empirical analysis for G7 countries,Environ Dev Sustain,2021-12-02
The Politics of Vaccine Hesitancy in the United States,,2021-12-02
COVID-19 mRNA Based Vaccine Immune-Response Assessment in Nursing Home Residents for Public Health Decision,Vaccines (Basel),2021-12-02
Cross-species analysis of viral nucleic acid interacting proteins identifies TAOKs as innate immune regulators,Nat Commun,2021-12-01
Factors Associated With COVID-19 Vaccine Receipt by Health Care Personnel at a Major Academic Hospital During the First Months of Vaccine Availability,JAMA Netw Open,2021-12-01
High expression of CD56 may be associated with favorable overall survival in intermediate-risk acute myeloid leukemia.,Hematology,2021-12-01
Preexisting memory CD4(+) T cells contribute to the primary response in an HIV-1 vaccine trial,The Journal of clinical investigation,2021-12-01
Anthropomorphising nature in times of crisis: A serial mediation model from connectedness to nature via anthropomorphism on support for COVID-19 travel restrictions(),Curr Res Ecol Soc Psychol,2021-12-01
"COVID-19: The Oral and Maxillofacial Surgery Experience, Oxford, UK.",Craniomaxillofacial trauma & reconstruction,2021-12-01
"Cost of maternal near miss and potentially life-threatening conditions, Kenya",Bull World Health Organ,2021-12-01
Photodynamic therapy procedures in coronavirus (COVID-19) outbreak: perception of health risks among clinical dental faculty and dental students.,European review for medical and pharmacological sciences,2021-12-01
"Polymer-based nanoparticles: fabrication to applications-the many faces of DC8,9PC and albumin.",Biophysical reviews,2021-12-01
Never cared for what they do. High structural stability of Guanine-quadruplexes in presence of strand-break damages,bioRxiv,2021-12-01
Scalable synthesis of favipiravir via conventional and continuous flow chemistry,,2021-12-01
Re-thinking reablement strategies for older adults in residential aged care: a scoping review.,BMC geriatrics,2021-11-30
Pandemic Prevention and Personality Psychology: Gender Differences in Preventive Health Behaviors during COVID-19 and the Roles of Agreeableness and Conscientiousness,Journal of Safety Science and Resilience,2021-11-30
"Concurrent Cerebral, Splenic, and Renal Infarction in a Patient With COVID-19 Infection",Neurologist,2021-11-30
Health worker compliance with severe malaria treatment guidelines in the context of implementing pre-referral rectal artesunate: an operational study in three high burden countries,,2021-11-30
Psychological distress Management in Iranian emergency prehospital providers: A Qualitative study,J Educ Health Promot,2021-11-30
Lessons Learnt during COVID-19 Lockdown: A Qualitative Study of South African Families,Int J Environ Res Public Health,2021-11-29
Impact of COVID-19 Lockdown on Mood Status: A Comparison of Hemodialysis and Oncology Patients.,"Therapeutic apheresis and dialysis : official peer-reviewed journal of the International Society for Apheresis, the Japanese Society for Apheresis, the Japanese Society for Dialysis Therapy",2021-11-29
Efficacy of non-invasive and invasive respiratory management strategies in adult patients with acute hypoxaemic respiratory failure: a systematic review and network meta-analysis,Crit Care,2021-11-29
Pattern and characteristics of patients admitted to a hospice connected with an acute palliative care unit in a comprehensive cancer center,Support Care Cancer,2021-11-29
Learning to Transfer for Traffic Forecasting via Multi-task Learning,,2021-11-27
Complexity of immune responses in COVID-19,Semin Immunol,2021-11-27
Breakdown of a Nonlinear Stochastic Nipah Virus Epidemic Models through Efficient Numerical Methods,Entropy (Basel),2021-11-27
Early and Later Perceptions and Reactions to the COVID-19 Pandemic in Germany: On Predictors of Behavioral Responses and Guideline Adherence During the Restrictions,Front Psychol,2021-11-26
Licorice (Glycyrrhiza glabra) Extracts-Suitable Pharmacological Interventions for COVID-19? A Review,Plants (Basel),2021-11-26
Marketing Up the Wrong Tree? Organisational Perspectives on Attracting and/or Retaining Older Adults in Sport,Front Sports Act Living,2021-11-26
Exploring the Gamut of Receptor Tyrosine Kinases for Their Promise in the Management of Non-Alcoholic Fatty Liver Disease,Biomedicines,2021-11-26
COVID-19 pandemic and sudden rise in crop residue burning in India: issues and prospects for sustainable crop residue management,Environ Sci Pollut Res Int,2021-11-25
Experiences and Perceptions of Patients and Providers Participating in Remote Titration of Heart Failure Medication Facilitated by Telemonitoring: Qualitative Study,JMIR Cardio,2021-11-25
Synergetic measures needed to control infection waves and contain SARS-CoV-2 transmission,,2021-11-25
Kidney Dysfunction and Its Progression in Patients Hospitalized Duo to COVID-19: Contribution to the Clinical Course and Outcomes,J Clin Med,2021-11-25
The History and Challenges of Women in Genetics: A Focus on Non-Western Women,Front Genet,2021-11-25
Factors associated with using the internet for medical information based on the doctor-patient trust model: a cross-sectional study,BMC Health Serv Res,2021-11-24
SARS-CoV-2 within-host and in-vitro genomic variability and sub-genomic RNA levels indicate differences in viral expression between clinical and in-vitro cohorts.,,2021-11-24
Prognostic Implications of Right Ventricular Function and Pulmonary Pressures Assessed by Echocardiography in Hospitalized Patients with COVID-19,J Pers Med,2021-11-24
"Online treatment of persistent complex bereavement disorder, posttraumatic stress disorder, and depression symptoms in people who lost loved ones during the COVID-19 pandemic: study protocol for a randomized controlled trial and a controlled trial",Eur J Psychotraumatol,2021-11-24
The N501Y spike substitution enhances SARS-CoV-2 infection and transmission.,Nature,2021-11-24
Portfolio optimisation with options,,2021-11-24
Cognitive Ergonomics of Assembly Work from a Job Demands–Resources Perspective: Three Qualitative Case Studies,Int J Environ Res Public Health,2021-11-23
COVID-19 Vaccine Responsiveness in Patients with Multiple Myeloma and Waldenström Macroglobulinemia,Blood,2021-11-23
Prospective Assessment of Biomarkers of Hypercoagulability in Oncological Patients and Healthcare Workers Following Vaccination Against Sars-Cov-2 with the mRNA Vaccine. the Roadmap-COVID-19-Vaccin Study,Blood,2021-11-23
Population Health Status of the Republic of Kazakhstan: Trends and Implications for Public Health Policy,Int J Environ Res Public Health,2021-11-22
"Evaluation of Communicable Disease Surveillance System at Primary Health Care Centers in Jeddah, Saudi Arabia",Cureus,2021-11-22
Changes in physical activity levels and mental health during COVID-19: Prospective findings among adult twin pairs,PLoS One,2021-11-22
Perceived Usefulness of Telerehabilitation of Musculoskeletal Disorders: A Belgium–France Pilot Study during Second Wave of COVID-19 Pandemic,Healthcare (Basel),2021-11-22
"Recommendations for Integrating Evidence-Based, Sustainable Diet Information into Nutrition Education",Nutrients,2021-11-21
"Andrographolide: A Herbal-Chemosynthetic Approach for Enhancing Immunity, Combating Viral Infections, and Its Implication on Human Health",Molecules,2021-11-21
Who Needs the Dark Web? Exploring the Trade in Critically Endangered Plants on eBay,Am J Crim Justice,2021-11-19
Data set concerning the use of social networking sites and mental health problems among the young generation in Bangladesh,Data Brief,2021-11-19
Annual assessment of Echinococcus multilocularis surveillance reports submitted in 2021 in the context of Commission Delegated Regulation (EU) 2018/772,EFSA J,2021-11-18
"Reintegration of Brewers Spent Grains in the Food Chain: Nutritional, Functional and Sensorial Aspects",Plants (Basel),2021-11-18
The high diversity of SARS-CoV-2-related coronaviruses in pangolins alerts potential ecological risks,Zool Res,2021-11-18
Thoracic surgery in the COVID-19 era: an Italian university hospital experience,Cardiothorac Surg,2021-11-18
"Organizing, Professionalisierung, Vernetzung: Aktuelle Entwicklungen der wohnungspolitischen Bewegung in Berlin, Hamburg, Jena und Leipzig",Soz Passagen,2021-11-18
Zoster Cranial Polyneuropathy in a COVID-19 Patient,Am J Case Rep,2021-11-17
AO External Fixator for Definitive Treatment of an Open Distal Tibia Fracture during the Covid 19 Pandemic,Fuß & Sprunggelenk,2021-11-17
Design of control strategies to help prevent the spread of COVID-19 pandemic,Eur J Oper Res,2021-11-16
Flow as a Key Predictor of Subjective Well-Being Among Chinese University Students: A Chain Mediating Model,Front Psychol,2021-11-16
The impacts of the COVID-19 pandemic on the mental health and residency training of family medicine residents: findings from a nationwide cross-sectional survey in Turkey,BMC Fam Pract,2021-11-15
Psychosocial effects of the quarantine during the first wave of the COVID-19 pandemic on the residents of the island of Brač,Fam Pract,2021-11-15
Cost-effectiveness of adjuvant systemic therapies for patients with high-risk melanoma in Europe: a model-based economic evaluation,ESMO Open,2021-11-13
A Community Pharmacy-Based Intervention in the Matrix of Type 2 Diabetes Mellitus Outcomes (CPBI-T2DM): A Cluster Randomized Controlled Trial,Clin Med Insights Endocrinol Diabetes,2021-11-12
A social norms approach intervention to address misperceptions of anti-vaccine conspiracy beliefs amongst UK parents,PLoS One,2021-11-12
Need for cognitive closure predicts stress and anxiety of college students during COVID-19 pandemic,Pers Individ Dif,2021-11-12
Characterization of an In Vivo Neutralizing Anti-Vaccinia Virus D8 Single-Chain Fragment Variable (scFv) from a Human Anti-Vaccinia Virus-Specific Recombinant Library,Vaccines (Basel),2021-11-10
How Internet of Things responds to the COVID-19 pandemic,PeerJ Comput Sci,2021-11-10
"Applications of Pristine and Functionalized Carbon Nanotubes, Graphene, and Graphene Nanoribbons in Biomedicine",Nanomaterials (Basel),2021-11-10
Age-appropriate vaccination coverage and its determinants in children aged 12–36 months in Nepal: a national and subnational assessment,BMC Public Health,2021-11-10
Association between depressive state and behavioral changes induced by the state of emergency for Coronavirus disease 2019: Evidence from university students in Japan,Acta Psychol (Amst),2021-11-10
"Restricting the advertising of high fat, salt and sugar foods on the Transport for London estate: Process and implementation study.",Social science & medicine,2021-11-10
Ureteropelvic junction obstruction causing a spontaneous collecting system rupture: A case report and review of the literature,Urol Case Rep,2021-11-09
Real-world outcomes associated with the use of the EmboTrap revascularization device for ischemic stroke in the United States.,Journal of neurointerventional surgery,2021-11-08
Impact persistence of stock market risks in commodity markets: Evidence from China,PLoS One,2021-11-08
Variant SARS-CoV-2 mRNA vaccines confer broad neutralization as primary or booster series in mice,Vaccine,2021-11-08
"Management of initial carious lesions of hypomineralized molars (MIH) with silver diamine fluoride or silver-modified atraumatic restorative treatment (SMART): 1-year results of a prospective, randomized clinical trial",Clin Oral Investig,2021-11-06
Predicting Mortality from Credit Reports,,2021-11-05
Asociación entre la vacunación contra influenza y la mortalidad por COVID-19,Vacunas,2021-11-04
How Do College Students with Disabilities Feel About Taking COVID-19 Vaccines?,,2021-11-04
"Targeting the CCL2/CCR2 Axis in Cancer Immunotherapy: One Stone, Three Birds?",Front Immunol,2021-11-03
Coronavirus Disease 2019 Vaccine-Breakthrough Infections Requiring Hospitalization in Mayo Clinic Florida Through August 2021,Clin Infect Dis,2021-11-02
Pneumonia Severity Index and CURB-65 Are Good Predictors of Mortality in Hospitalized Patients with SARS-CoV-2 Community-Acquired Pneumonia,Chest,2021-11-02
Screening HLA-A-restricted T cell epitopes of SARS-CoV-2 and the induction of CD8(+) T cell responses in HLA-A transgenic mice,Cell Mol Immunol,2021-11-02
Side effects and Immunogenicity following administration of the Sputnik V COVID-19 vaccine in health care workers in Iran,Sci Rep,2021-11-02
COVID 19 and the risk of gastro-intestinal perforation: A case series and literature review,J Crit Care,2021-11-02
Association between thrombocytopenia and platelet profile with morbidity/mortality of severe and non-severe COVID-19 patients.,Revista da Associacao Medica Brasileira,2021-11-01
Optimal federal transfers during uncoordinated response to a pandemic,J Public Econ Theory,2021-11-01
Vaccinating adolescents against SARS-CoV-2 in England: a risk–benefit analysis,J R Soc Med,2021-11-01
Performance of NowCheck antigen test for SARS-CoV-2 Evaluation of rapid COVID-19 antigen kit,Diagn Microbiol Infect Dis,2021-11-01
Delirium in older inpatients with COVID-19: impact on service provision.,Future healthcare journal,2021-11-01
The Environmental Deposition of Severe Acute Respiratory Syndrome Coronavirus 2 in Nosocomial Settings: Role of the Aerosolized Hydrogen Peroxide,Risk Manag Healthc Policy,2021-11-01
Feasibility of Implementing Thoracic Radiation Therapy for COVID-19 Pneumonia,International Journal of Radiation Oncology*Biology*Physics,2021-11-01
Research Development Using REDCap Software,Healthc Inform Res,2021-10-31
UTILIZAÇÃO DO PLASMA FRESCO CONVALESCENTE EM PACIENTES DE ALTO RISCO DURANTE FASES PRECOCES DE INFECÇÃO POR COVID-19,"Hematology, Transfusion and Cell Therapy",2021-10-31
Epi-P-05 COVID-19 infection in patients with Sézary syndrome: report of three cases,European Journal of Cancer,2021-10-31
Classification of the factors of functioning of the individual human thermoregulation system and prediction of its state (local thermophysical aspects),,2021-10-30
Anterior cingulate cortex activation during attentional control as a transdiagnostic marker of psychotherapy response: a randomized clinical trial,Neuropsychopharmacology,2021-10-30
Comparison of SARS-CoV-2 Receptors Expression in Primary Endothelial Cells and Retinoic Acid-Differentiated Human Neuronal Cells,Viruses,2021-10-30
Therapeutic Targeting of Alternative RNA Splicing in Gastrointestinal Malignancies and Other Cancers,Int J Mol Sci,2021-10-30
Case Report: Acute Fulminant Myocarditis and Cardiogenic Shock After Messenger RNA Coronavirus Disease 2019 Vaccination Requiring Extracorporeal Cardiopulmonary Resuscitation,Front Cardiovasc Med,2021-10-29
80 Archetypes of vaccine hesitant caregivers towards COVID-19 immunization during a global pandemic: A qualitative study,Paediatr Child Health,2021-10-29
Identification of biomarkers in wastewater-based epidemiology: Main approaches and analytical methods,Trends Analyt Chem,2021-10-29
Impact of prior abdominal surgery on short-term outcomes following laparoscopic colorectal cancer surgery: a propensity score-matched analysis.,Surgical endoscopy,2021-10-29
Does information by pharmacists convince the public to get vaccinated for pneumococcal disease and herpes zoster?,Ir J Med Sci,2021-10-28
“What ELSE about this job?” Teaching Job Decision-Making to College Students With Intellectual and Developmental Disabilities,J Dev Phys Disabil,2021-10-28
TP8.2.15 Higher General Surgical Trainee preferences for Annual Review of Competency Progression during COVID-19 Pandemic,Br J Surg,2021-10-28
EP.WE.613 A multi-centre review of the management of acute appendicitis during the COVID-19 pandemic,Br J Surg,2021-10-28
Bioelectric Impedance Body Composition and Phase Angle in relation to 90-day adverse outcome in hospitalized COVID-19 ward and ICU patients: the prospective BIAC-19 study,Clin Nutr ESPEN,2021-10-27
The Importance of Open Data Policy to Tackle Pandemic in Latin America,,2021-10-27
COVID‐19 vaccination and exanthema‐like eruption,Clin Exp Dermatol,2021-10-27
Looking beyond: complex holistic care needs of Syrian and Iraqi refugee children and adolescents.,Archives of disease in childhood,2021-10-26
Evaluation of the implementation process of the mobile health platform ‘WelTel’ in six sites in East Africa and Canada using the modified consolidated framework for implementation research (mCFIR),BMC Med Inform Decis Mak,2021-10-26
Clinical Outcomes with Ertapenem for Pneumonia in Obese versus Non-obese Patients.,Antimicrobial agents and chemotherapy,2021-10-25
"One-pot multi-component synthesis of novel chromeno[4,3-b]pyrrol-3-yl derivatives as alpha-glucosidase inhibitors",Mol Divers,2021-10-25
"Prevalence and patterns of physical activity, sedentary behaviour, and their association with health-related quality of life within a multi-ethnic Asian population",BMC Public Health,2021-10-25
Clinicopathological features and prognostic significance of C5aR in human solid tumors: a Meta-analysis,BMC Cancer,2021-10-23
Clinicopathologic Characteristics and Patient Outcomes of Phyllodes Tumors: A Single Institution Experience.,The American surgeon,2021-10-23
The Safety profile of COVID-19 vaccinations in the United States,Am J Infect Control,2021-10-23
Nanoviricides Platform Technology based NV-387 polymer Protects Remdesivir from Plasma-Mediated Catabolism in vitro: Importance of its increased lifetime for in vivo action,bioRxiv,2021-10-23
Beta RBD Boost Broadens Antibody-Mediated Protection Against SARS-CoV-2 Variants in Animal Models,Cell Rep Med,2021-10-23
COVID-19–Induced New-Onset Diabetes: Trends and Technologies,Diabetes,2021-10-22
Post-ST-Segment Elevation Myocardial Infarction Follow-Up Care During the COVID-19 Pandemic and the Possible Benefit of Telemedicine: An Observational Study,Front Cardiovasc Med,2021-10-22
"Abstracts najaarsvergadering NVU, 5 november 2021",Tijdschr Urol,2021-10-22
"The private versus public contribution to the biomedical literature during the COVID-19, Ebola, H1N1, and Zika public health emergencies",PLoS One,2021-10-22
Clinical characteristics and risk factors for 28-day mortality in critically ill patients with COVID-19: a retrospective cohort study,Turk J Med Sci,2021-10-21
Learning Time-Varying Graphs from Online Data,,2021-10-21
Evaluation of clinical outcomes of patients with mild symptoms of coronavirus disease 2019 (COVID-19) discharged from the emergency department,PLoS One,2021-10-21
Genotypic Variants of Pandemic H1N1 Influenza A Viruses Isolated from Severe Acute Respiratory Infections in Ukraine during the 2015/16 Influenza Season,Viruses,2021-10-21
Coronary Large Conductance Ca(2+)-Activated K(+) Channel Dysfunction in Diabetes Mellitus,Front Physiol,2021-10-21
Systematic Review of Antifungal-Induced Acute Liver Failure,,2021-10-21
Asthma Phenotypes and COVID-19 Risk: A Population-based Observational Study,American journal of respiratory and critical care medicine,2021-10-20
Perspectives on the role of brown adipose tissue in human body temperature and metabolism,Cell Rep Med,2021-10-19
Towards A Novel Multi-Epitopes Chimeric Vaccine for Simulating Strong Immune Responses and Protection against Morganella morganii,Int J Environ Res Public Health,2021-10-19
Attempted suicide rates before and during the COVID-19 pandemic: interrupted time series analysis of a nationally representative sample,Psychological medicine,2021-10-19
ST-elevation myocardial infarction in patients with Covid-19 –– A case series,IHJ Cardiovascular Case Reports (CVCR),2021-10-18
"Immunologic markers, vasculitis-associated autoantibodies, and complement levels in patients with COVID-19",J Res Med Sci,2021-10-18
"Medical genetics workforce in Brazil: practitioners, services, and disease distribution",,2021-10-18
Hemodynamic Investigation of the Effectiveness of a Two Overlapping Flow Diverter Configuration for Cerebral Aneurysm Treatment.,Bioengineering,2021-10-16
"SARS-CoV-2 Dose, Infection, and Disease Outcomes for COVID-19 – A Review",Clin Infect Dis,2021-10-15
A Phenome-Wide Association Study of genes associated with COVID-19 severity reveals shared genetics with complex diseases in the Million Veteran Program,medRxiv,2021-10-15
miR-1307 promotes hepatocarcinogenesis by CALR-OSTC-endoplasmic reticulum protein folding pathway,iScience,2021-10-14
Early Prediction of Severe COVID-19 in Patients by a Novel Immune-Related Predictive Model,mSphere,2021-10-13
“COVID19 is_”: The Perpetuation of Coronavirus Conspiracy Theories via Google Autocomplete,Proc Assoc Inf Sci Technol,2021-10-13
Structural and Biochemical Characterization of PEDV Papain-like Protease 2.,Journal of virology,2021-10-13
New insights on novel coronavirus 2019-nCoV/SARS-CoV-2 modelling in the aspect of fractional derivatives and fixed points.,Mathematical biosciences and engineering : MBE,2021-10-12
Tracheal intubation while wearing personal protective equipment in simulation studies: a systematic review and meta-analysis with trial-sequential analysis,Braz J Anesthesiol,2021-10-12
"""COVID-19 spreads round the planet, and so do paranoid thoughts"". A qualitative investigation into personal experiences of psychosis during the COVID-19 pandemic",Curr Psychol,2021-10-12
A Longitudinal Study on the Mental Health of College Students in Jinan During the Peak Stage of the COVID-19 Epidemic and the Society Reopening,Biomed Hub,2021-10-12
Nurses’ experiences of encounters in home care: a phenomenological hermeneutic study,International journal of qualitative studies on health and well-being,2021-10-11
Effects of coronavirus disease-2019 on voice: our experience of laryngeal complications following mechanical ventilation in severe coronavirus disease-2019 pneumonitis and review of current literature,Curr Opin Otolaryngol Head Neck Surg,2021-10-11
Physiotherapists' perspective of Telehealth during the Covid-19 pandemic,Int J Med Inform,2021-10-11
Measuring Risk Perception in Pregnant Women in Heavily Polluted Areas: A New Methodological Approach from the NEHO Birth Cohort,Int J Environ Res Public Health,2021-10-11
"Healthcare Workers' Emotions, Stressor Experiences and Coping Strategies During the COVID-19 Pandemic in Vietnam",Risk Manag Healthc Policy,2021-10-11
Effectiveness of a Self-Fitting Tool for User-Driven Fitting of Hearing Aids,Int J Environ Res Public Health,2021-10-10
Starlink : A Solution to the Digital Connectivity Divide in Education in the Global South,,2021-10-09
Anti-interleukin 5 therapies failure criteria in severe asthma: a Delphi-consensus study,Ther Adv Respir Dis,2021-10-09
Quantifying the Economic Impact of Delayed Multiple-Inhaler Triple Therapy Initiation in Patients with COPD: A Retrospective Cohort Study of Linked Electronic Medical Record and Hospital Administrative Data in England,Int J Chron Obstruct Pulmon Dis,2021-10-08
Spike Proteins of SARS-CoV-2 Induce Pathological Changes in Molecular Delivery and Metabolic Function in the Brain Endothelial Cells,Viruses,2021-10-08
Is Phytomelatonin Complex Better Than Synthetic Melatonin? The Assessment of the Antiradical and Anti-Inflammatory Properties,Molecules,2021-10-08
The Cat Que Virus: a resurfacing orthobunyavirus could lead to epidemics,Virusdisease,2021-10-08
Helicobacter pylori in gastric cancer: Features of infection and their correlations with long-term results of treatment,World J Gastroenterol,2021-10-07
"Evaluation of Racial, Ethnic, and Socioeconomic Disparities in Initiation of Kidney Failure Treatment During the First 4 Months of the COVID-19 Pandemic",JAMA Netw Open,2021-10-07
Effectiveness of physical activity interventions among rural cancer survivors: A systematic review and meta-analysis.,"Cancer epidemiology, biomarkers & prevention : a publication of the American Association for Cancer Research, cosponsored by the American Society of Preventive Oncology",2021-10-07
Psychological consequences for family caregivers of patients receiving hemodialysis: threat or opportunity?,BMC Psychol,2021-10-07
Biomedical waste generation and management during COVID-19 pandemic in India: challenges and possible management strategies,Environ Sci Pollut Res Int,2021-10-07
"Cost-Effectiveness of Home Hemodialysis With Bedside Portable Dialysis Machine ""DIMI"" in the United Arab Emirates",Cureus,2021-10-06
Dehydrated human amnion/chorion membrane allografts for myelomeningocele and wound reconstruction.,Child's nervous system : ChNS : official journal of the International Society for Pediatric Neurosurgery,2021-10-05
Review of Emergency Medical Services Vulnerability to High Consequence Infectious Disease in the United States,Front Public Health,2021-10-05
Secondary polycythaemia with elevated carbon monoxide levels due to hookah pipe smoking: A public health concern.,South African medical journal = Suid-Afrikaanse tydskrif vir geneeskunde,2021-10-05
Deep Neural Networks for Detection and Location of Microseismic Events and Velocity Model Inversion from Microseismic Data Acquired by Distributed Acoustic Sensing Array,Sensors (Basel),2021-10-05
Lung-selective Cas13d-based nanotherapy inhibits lethal SARS-CoV-2 infection by targeting host protease Ctsl,bioRxiv,2021-10-05
The quest for a better fight: How can nanomaterials address the current therapeutic and diagnostic obstacles in the fight against COVID-19?,J Drug Deliv Sci Technol,2021-10-04
Investigation of the effects of three different generations of fluoroquinolone derivatives on antioxidant and immunotoxic enzyme levels in different rat tissues.,Drug and chemical toxicology,2021-10-04
Food Loss and Waste Actions: Experiences of the Costa Rican Food Loss and Waste Reduction Network,Foods,2021-10-03
Severe Acute Respiratory Syndrome Coronavirus 2 and Pregnancy Outcomes According to Gestational Age at Time of Infection,Emerg Infect Dis,2021-10-03
"Use of WhatsApp®, for distance teaching during COVID-19 pandemic: Experience and perception from a sub-Saharan African setting",BMC Med Educ,2021-10-02
COVID-19 and the Lungs: A Review,J Infect Public Health,2021-10-02
Racial Disparities in Management and Outcomes of Out-of-Hospital Cardiac Arrest Complicating Myocardial Infarction: A National Study From England and Wales,CJC Open,2021-10-02
"Perceptions and knowledge of telemedicine in Ecuadorian practicing physicians: an instrument adaptation, validation and translation from English to Spanish",BMC Public Health,2021-10-02
Naming Human Diseases: Ethical Principles of Curating Exclusive Substitute for Inopportune Nosology,bioRxiv,2021-10-02
Hybrid immunity to SARS‐CoV‐2 in kidney transplant recipients and hemodialysis patients,Am J Transplant,2021-10-01
Alignment of national COVID-19 vaccine recommendations for pregnant and lactating women,Bull World Health Organ,2021-10-01
Nature and scope of Medical Social Work in Healthcare setting in Pakistan.,JPMA. The Journal of the Pakistan Medical Association,2021-10-01
Uitgelicht,Nursing (Maarssen),2021-10-01
Adult postgraduate students’ learning in online spaces—Images of identity and belonging,ZfW,2021-10-01
Drug-dispensing limits within Medicaid during the COVID-19 pandemic.,Journal of managed care & specialty pharmacy,2021-10-01
"Pre-cART Immune Parameters in People Living With HIV Might Help Predict CD8+ T-Cell Characteristics, Inflammation Levels, and Reservoir Composition After Effective cART",Pathog Immun,2021-10-01
Intracerebral Hemorrhage.,Continuum,2021-10-01
Screening pediatric surgical patients during the COVID-19 pandemic.,JAAPA : official journal of the American Academy of Physician Assistants,2021-10-01
Erectile dysfunction treatment with Phosphodiesterase-5 Inhibitors: Google trends analysis of last 10 years and COVID-19 pandemic.,"Archivio italiano di urologia, andrologia : organo ufficiale [di] Societa italiana di ecografia urologica e nefrologica",2021-10-01
Prevalence of allergic respiratory diseases in Covid 19 positive health care workers at Hyderabad,Indian Journal of Medical Microbiology,2021-09-30
Paracetamol and Ibuprofen in the Treatment of Fever and Acute Mild–Moderate Pain in Children: Italian Experts’ Consensus Statements,Children (Basel),2021-09-30
Numerical Study of the Environmental and Economic System through the Computational Heuristic Based on Artificial Neural Networks,Sensors (Basel),2021-09-30
LB740 SARS-CoV-2-associated ‘covid toes:’ multiplex immunofluorescent characterization of pathophysiology,Journal of Investigative Dermatology,2021-09-30
Standardized incidence ratio of the COVID-19 pandemic: a case study in a Midwestern state,,2021-09-30
Applications of capillary electrophoresis for biopharmaceutical product characterization.,Electrophoresis,2021-09-30
MEK/ERK MAP kinase limits poly I:C-induced antiviral gene expression in RAW264.7 macrophages by reducing interferon-beta expression.,FEBS letters,2021-09-30
Evaluation of N/LP Ratio as a Predictor of Disease Progression and Mortality in COVID-19 Patients Admitted to the Intensive Care Unit,Medeni Med J,2021-09-30
GPU-Accelerated implementation of a genetically optimized image encryption algorithm,Soft comput,2021-09-30
Eicosanoid Metabolomic Profile of Remdesivir Treatment in Rat Plasma by High-Performance Liquid Chromatography Mass Spectrometry,Front Pharmacol,2021-09-29
Possibility of Underestimation of COVID-19 Prevalence by PCR and Serological Tests,J Microbiol Immunol Infect,2021-09-29
The effects of communicating uncertainty around statistics on public trust: an international study,,2021-09-29
First-year weight loss following gastric band surgery predicts long-term outcomes.,ANZ journal of surgery,2021-09-28
"You Don’t Care for me, So What’s the Point for me to Care for Your Business? Negative Implications of Felt Neglect by the Employer for Employee Work Meaning and Citizenship Behaviors Amid the COVID-19 Pandemic",J Bus Ethics,2021-09-28
Development of a web-based survey on the financial risks of unpaid caregiving: approach and lessons learned from a Canadian perspective.,Home health care services quarterly,2021-09-28
Preclinical evaluation of a synthetic peptide vaccine against SARS-CoV-2 inducing multiepitopic and cross-reactive humoral neutralizing and cellular CD4 and CD8 responses,Emerg Microbes Infect,2021-09-27
An outbreak of neonatal enteritis in buffalo calves associated with astrovirus,J Vet Sci,2021-09-27
The epidemiology and etiology of adhesive capsulitis in the U.S. Medicare population,BMC Musculoskelet Disord,2021-09-27
QBox: Partial Transfer Learning With Active Querying for Object Detection.,IEEE transactions on neural networks and learning systems,2021-09-27
Ghana's rice value chain resilience in the context of COVID-19,Soc Sci Humanit Open,2021-09-27
Seroprevalence of antibodies against severe acute respiratory coronavirus 2 (SARS-CoV-2) in household dogs in Japan,J Vet Med Sci,2021-09-24
"Emotional impact of COVID-19 lockdown and mitigation options: A cross-sectional survey of households in Ebonyi State, Nigeria",SAGE Open Med,2021-09-24
Rural‐urban and within‐rural differences in COVID‐19 vaccination rates,J Rural Health,2021-09-23
Robust models of SARS-CoV-2 heterogeneity and control,,2021-09-23
One year into the pandemic: the impacts of social vulnerability on COVID-19 outcomes and urban-rural differences in the conterminous United States.,International journal of environmental health research,2021-09-23
Transition from saliva droplets to solid aerosols in the context of COVID-19 spreading,Environ Res,2021-09-23
"Understanding Long Covid: Nosology, Social Attitudes and Stigma.","Brain, behavior, and immunity",2021-09-23
Rapid diagnosis of Leishmania infection with a portable loop-mediated isothermal amplification device,J Biosci,2021-09-23
A Road Map for Remote Digital Health Technology for Motor Neuron Disease,J Med Internet Res,2021-09-22
"DIAGNOSTIC STRATEGIES FOR ENDEMIC CORONAVIRUS DISEASE 2019 (COVID-19): RAPID ANTIGEN TESTS, REPEAT TESTING, AND PREVALENCE BOUNDARIES.",Archives of pathology & laboratory medicine,2021-09-22
Personalized Online Machine Learning,,2021-09-21
Prediction of COVID-19 pervasiveness in six major affected states of India and two-stage variation with temperature,Air Qual Atmos Health,2021-09-21
An AI-assisted Economic Model of Endogenous Mobility and Infectious Diseases: The Case of COVID-19 in the United States,,2021-09-21
A case-based systematic review on the SARS-COVID-2-associated cerebrovascular diseases and the possible virus routes of entry,J Neurovirol,2021-09-21
Delayed local reaction at a previous injection site reaction with dupilumab,Respirol Case Rep,2021-09-21
"The association between COVID‐19, personal wellbeing, depression, and suicide risk factors in Australian autistic adults",Autism Res,2021-09-21
Discussion of Students' E-book Reading Intention With the Integration of Theory of Planned Behavior and Technology Acceptance Model,Front Psychol,2021-09-20
Efficient targeted transgenesis of large donor DNA into multiple mouse genetic backgrounds using bacteriophage Bxb1 integrase,bioRxiv,2021-09-20
Volumetric ultrasound localization microscopy of the whole brain microvasculature,bioRxiv,2021-09-20
Critically ill cancer patient’s resuscitation: a Belgian/French societies’ consensus conference,Intensive Care Med,2021-09-20
The impact of COVID-19 on the Australian outdoor recreation industry from the perspective of practitioners,Journal of Outdoor Recreation and Tourism,2021-09-20
Development of the First Health-Related Quality of Life Questionnaires in Arabic for Women With Polycystic Ovary Syndrome (Part II): Dual-Center Validation of PCOSQoL-47 and PCOSQoL-42 Questionnaires,Cureus,2021-09-17
Phenotypes of Chronic Covert Brain Infarction in Patients With First-Ever Ischemic Stroke: A Cohort Study,Stroke,2021-09-16
Impact of Psychiatric and Related Somatic Medications on the Duration and Severity of COVID-19: A Retrospective Explorative Multi-center Study from the German Metropolitan Ruhr-area.,Pharmacopsychiatry,2021-09-16
"Lower antibiotic prescription rates in hospitalized COVID-19 patients than influenza patients, a prospective study.",Infectious diseases,2021-09-16
Liberal or conservative oxygen therapy for ventilated patients in the ICU: a meta-analysis of randomized controlled trials,J Cardiothorac Surg,2021-09-15
The Psychosocial Impact of COVID‐19 on Registered Nurses,Health Serv Res,2021-09-15
The one health landscape in Sub-Saharan African countries,One Health,2021-09-15
Effect of 2020 containment strategies on trauma workflow in Ile-de-France region: another benefit of lockdown?,Scand J Trauma Resusc Emerg Med,2021-09-14
Online training in evidence-based medicine and research methods for GP registrars: a mixed-methods evaluation of engagement and impact,BMC Med Educ,2021-09-14
"The Impact of the COVID-19 Epidemic on Diagnosis, Treatment, Concerns, Problems, and Mental Health in Patients with Gastric Cancer",J Gastrointest Cancer,2021-09-14
Protocol for the economic evaluation of COVID-19 pandemic response policies,BMJ Open,2021-09-14
VR Health Experience: A Virtual Space for Arts and Psychomotor Therapy,Front Psychol,2021-09-14
Abandonment of dogs in Latin America: Strategies and ideas,Vet World,2021-09-13
Evaluating the Effectiveness of a Clinical Practice Intervention in Increasing Obesity Data Recording at a Western Australian Country Health Service Hospital: A Quasi-Experimental Controlled Trial,J Multidiscip Healthc,2021-09-11
Biofoundry-assisted expression and characterization of plant proteins,Synth Biol (Oxf),2021-09-11
Combined Transcriptome and Proteome Leukocyte’s Profiling Reveals Up-Regulated Module of Genes/Proteins Related to Low Density Neutrophils and Impaired Transcription and Translation Processes in Clinical Sepsis,Front Immunol,2021-09-10
A bi-objective robust optimization approach for the management of infectious wastes with demand uncertainty during a pandemic,J Clean Prod,2021-09-10
Acute HIV-1 and SARS-CoV-2 Infections Share Slan+ Monocyte Depletion—Evidence from an Hyperacute HIV-1 Case Report,Viruses,2021-09-10
"Influence of Timing Between Androgen Deprivation Therapy and External Beam Radiation Therapy in Patients With Localized, High-Risk Prostate Cancer",Adv Radiat Oncol,2021-09-10
The CSF1R-Microglia Axis Has Protective Host-Specific Roles During Neurotropic Picornavirus Infection,Front Immunol,2021-09-09
Flagellate purpura associated with COVID‐19 vaccination,J Eur Acad Dermatol Venereol,2021-09-09
Italian Twitter semantic network during the Covid-19 epidemic,EPJ Data Sci,2021-09-09
Sensing hand position in Ehlers-Danlos syndrome.,Somatosensory & motor research,2021-09-09
Testosterone in COVID-19: An Adversary Bane or Comrade Boon,Front Cell Infect Microbiol,2021-09-08
REDUCED HUMORAL IMMUNE RESPONSE AFTER BNT162B2 COVID-19 MRNA VACCINATION IN CANCER PATIENTS UNDER ANTI-NEOPLASTIC TREATMENT,ESMO Open,2021-09-08
Improving outcomes and quality of life for patients with transfusion-dependent β-thalassemia: recommendations for best clinical practice and the use of novel treatment strategies.,Expert review of hematology,2021-09-08
Impact of the Extent of Thyroidectomy on Quality of Life in Differentiated Thyroid Cancer Survivors: A Propensity Score Matched Analysis,Cancer Manag Res,2021-09-07
Habitat vulnerability in slum areas of India – What we learnt from COVID-19?,Int J Disaster Risk Reduct,2021-09-07
Improved estimation of time-varying reproduction numbers at low case incidence and between epidemic waves,PLoS Comput Biol,2021-09-07
Characteristics of SARS-CoV-2 Infections in Israeli Children During the Circulation of Different SARS-CoV-2 Variants,JAMA Netw Open,2021-09-07
Forecast of the COVID-19 Epidemic Based on RF-BOA-LightGBM,Healthcare (Basel),2021-09-06
Thrombosis Associated With Cytomegalovirus (CMV) in a Kidney Transplant Recipient,Cureus,2021-09-05
Computational model to explore the endocrine response to trastuzumab action in HER-2/neu positive breast cancer,Saudi J Biol Sci,2021-09-04
Towards Building a Sustainable Future: Positioning Ecological Modelling for Impact in Ecosystems Management,Bull Math Biol,2021-09-04
Mental Health Issues in the COVID-19 Pandemic and Responses in Bangladesh: View Point of Media Reporting,Front Public Health,2021-09-03
Cogenerating insights into the dialectics of contemplative practices in educational and lifeworld settings,Cult Stud Sci Educ,2021-09-03
Feeding Twins with Human Milk and Factors Associated with Its Duration: A Qualitative and Quantitative Study in Southern Italy,Nutrients,2021-09-03
“Compassion Cannot Choose:” A Call for Family-centered Critical Care during the COVID-19 Pandemic,Indian J Crit Care Med,2021-09-03
"Screening Programs for SARS-CoV-2 Infections on a University Campus — Austin, Texas, September 30–November 30, 2020",MMWR Morb Mortal Wkly Rep,2021-09-03
Erratum to “Safety of COVID-19 vaccines administered in the EU: Should we be concerned?” [Toxicol. Rep. 8C (2021) 871–879/1111],Toxicol Rep,2021-09-02
Decomposing the sources of SARS-CoV-2 fitness variation in the United States,Virus Evol,2021-09-02
Potential reduction in female sex workers’ risk of contracting HIV during coronavirus disease 2019,AIDS,2021-09-01
Clinical Outcomes After Neurolysis for the Treatment of Peroneal Nerve Palsy: A Systematic Review and Meta-Analysis.,Annals of plastic surgery,2021-09-01
How Pseudoscience Generated US Material and Device Regulations.,AMA journal of ethics,2021-09-01
Cytokine Profiles Associated With Worse Prognosis in a Hospitalized Peruvian COVID-19 Cohort,Front Immunol,2021-09-01
"Coronavirus Disease 2019 Infection among Children: Pathogenesis, Treatment, and Outcome.",Journal of pediatric intensive care,2021-09-01
The SARS-CoV-2 spike (S) and the orthoreovirus p15 cause neuronal and glial fusion,bioRxiv,2021-09-01
Lifelong reductions of PKMζ in ventral hippocampus of nonhuman primates exposed to early-life adversity due to unpredictable maternal care.,Learning & memory,2021-09-01
Acute macular neuroretinopathy following Pfizer-BioNTech COVID-19 vaccination,Am J Ophthalmol Case Rep,2021-09-01
Psychological effects of the COVID-19 pandemic on dentistry: A systematic review study,J Educ Health Promot,2021-08-31
Case report: Primary hemophagocytic syndrome triggered by dengue infection,IDCases,2021-08-31
Fab and Fc contribute to maximal protection against SARS-CoV-2 following NVX-CoV2373 subunit vaccine with Matrix-M™ vaccination,Cell Rep Med,2021-08-31
SARS-COV-2 (COVID-19) anosmia in patients with obesity: A retrospective study,Atherosclerosis,2021-08-31
Predicting the impact of low influenza activity in 2020 on population immunity and future influenza season in the United States,,2021-08-30
Durability of Spike Immunoglobin G Antibodies to SARS-CoV-2 Among Health Care Workers With Prior Infection,JAMA Netw Open,2021-08-30
Global epidemiology and changing clinical presentations of invasive meningococcal disease: a narrative review.,Infectious diseases,2021-08-28
Recruitment principles and strategies for supportive care research in pediatric oncology,BMC Med Res Methodol,2021-08-28
A fuzzy multifactor asset pricing model,Ann Oper Res,2021-08-27
Process evaluation of co-designed interventions to improve communication of positive newborn bloodspot screening results,BMJ Open,2021-08-27
ENDOVASCULAR MANAGEMENT OF MASSIVE HAEMOPTYSIS DUE TO COVID-19 RELATED PULMONARY ARTERY PSEUDOANEURYSM: A RARE ENTITY,Radiol Case Rep,2021-08-27
Gekko gecko extract attenuates airway inflammation and mucus hypersecretion in a murine model of ovalbumin-induced asthma.,Journal of ethnopharmacology,2021-08-27
Understanding the Impact of the Psychological Cognitive Process on Student Learning Satisfaction: Combination of the Social Cognitive Career Theory and SOR Model,Front Psychol,2021-08-26
"Longitudinal Changes in Adolescents’ School Bonding During the COVID‐19 Pandemic: Individual, Parenting, and Family Correlates",J Res Adolesc,2021-08-26
"COVID-19 Screening by Anti-SARS-CoV-2 Antibody Seropositivity: Clinical and Epidemiological Characteristics, Comorbidities, and Food Intake Quality",Int J Environ Res Public Health,2021-08-26
"Hydroxychloroquine for pre-exposure prophylaxis of COVID-19 in health care workers: a randomized, multicenter, placebo-controlled trial (HERO-HCQ)",,2021-08-25
"Portable, bedside, low-field magnetic resonance imaging for evaluation of intracerebral hemorrhage",Nat Commun,2021-08-25
Use of cryopreserved donor corneal tissues first time in India for therapeutic penetrating keratoplasty during COVID-19 pandemic – A case series,Indian J Ophthalmol,2021-08-25
Impacts and Strategies Behind COVID-19-Induced Economic Crisis: Evidence from Informal Economy,Indian J Labour Econ,2021-08-24
Democratizing ownership and participation in the 4th Industrial Revolution: challenges and opportunities in cellular agriculture,Agric Human Values,2021-08-24
Low Levels of Few Micronutrients May Impact COVID-19 Disease Progression: An Observational Study on the First Wave,Metabolites,2021-08-24
Modeling the Factors of Productivity in Airline Industry in India: A Hybrid TISM-P and Fuzzy-MICMAC Approach,JGBC,2021-08-24
Fallow time determination in dentistry using aerosol measurement in mechanically and non-mechanically ventilated environments,Br Dent J,2021-08-24
Radiological–pathological signatures of patients with COVID-19-related pneumomediastinum: is there a role for the Sonic hedgehog and Wnt5a pathways?,ERJ Open Res,2021-08-23
Cutaneous and hypersensitivity reactions associated with COVID-19 vaccination—a narrative review,Wien Med Wochenschr,2021-08-23
Association of circulating PLA2G7 levels with cancer cachexia and assessment of darapladib as a therapy,J Cachexia Sarcopenia Muscle,2021-08-23
"Antenatal counselling for prospective parents whose fetus has a neurological anomaly: part 1, experiences and recommendations for service design.",Developmental medicine and child neurology,2021-08-22
Gastroprotection against Rat Ulcers by Nephthea Sterol Derivative,Biomolecules,2021-08-21
Centering inclusivity in the design of online conferences-An OHBM-Open Science perspective.,GigaScience,2021-08-20
"Relationship of Depression, Anxiety and Stress Levels with Religious Coping Strategies Among Turkish Pregnant Women During the COVID-19 Pandemic",J Relig Health,2021-08-20
New evidence on COVID-19 and firm performance,Econ Anal Policy,2021-08-20
Teaching in the Age of Covid-19 - A Longitudinal Study,Postdigit Sci Educ,2021-08-19
Viral Endothelial Dysfunction: A Unifying Mechanism for COVID-19,Mayo Clin Proc,2021-08-19
Niche-directed therapy in acute myeloid leukemia: optimization of stem cell competition for niche occupancy.,Leukemia & lymphoma,2021-08-19
Clinicians’ Perspectives After Implementation of the Serious Illness Care Program: A Qualitative Study,JAMA Netw Open,2021-08-18
Thromboinflammation Supports Complement Activation in Cancer Patients With COVID-19,Front Immunol,2021-08-18
The Penn State Protein Ladder system for inexpensive protein molecular weight markers,Sci Rep,2021-08-18
Stochastic actor‐oriented modelling of the impact of COVID‐19 on financial network evolution,Stat (Int Stat Inst),2021-08-18
"Effect of interventions for the well-being, satisfaction and flourishing of general practitioners—a systematic review",BMJ Open,2021-08-18
Rhino-orbital-cerebral-mucormycosis in COVID-19: A systematic review,Indian J Pharmacol,2021-08-18
The Great Deceiver: miR-2392’s Hidden Role in Driving SARS-CoV-2 Infection,bioRxiv,2021-08-18
COVID-related psychological distress fully mediates the association from social impact to sleep disturbance among patients with chronic schizophrenia,Sci Rep,2021-08-16
Why Should Clinical Autopsies Continue to Exist?,Diagnostics (Basel),2021-08-16
Potential clinically significant drug‐drug interactions of hydroxychloroquine used in the treatment of COVID‐19,Int J Clin Pract,2021-08-16
Benign Paroxysmal Positional Vertigo (BPPV) in COVID-19,Audiol Res,2021-08-13
Electrochemical Skin Conductance Alterations during Spinal Cord Stimulation: An Experimental Study,J Clin Med,2021-08-13
Cyberbullying Among Traditional and Complementary Medicine Practitioners in the Workplace: Protocol for a Cross-sectional Descriptive Study,JMIR Res Protoc,2021-08-12
Taste Dysfunction in Children—A Clinical Perspective and Review of Assessment Methods,Chem Senses,2021-08-10
COVID-19’s impact on bioanalytical labs,Bioanalysis,2021-08-10
Classification of Influenza Hemagglutinin Protein Sequences using Convolutional Neural Networks,,2021-08-09
Effects of FFP2/N95 face mask on low- and high-load resistance exercise performance in recreational weight lifters.,European journal of sport science,2021-08-09
"High vaccine effectiveness against COVID-19 infection and severe disease among residents and staff of long-term care facilities in Norway, November - June 2021",,2021-08-09
Hydrodynamic analysis of full-scale in-situ biogas upgrading in manure digesters.,Water research,2021-08-07
The organisational response of a hospital critical care service to the COVID-19 pandemic: The Groote Schuur Hospital experience,South Afr J Crit Care,2021-08-06
Psychological Resources and Biomarkers of Health in the Context of Chronic Parenting Stress,Int J Behav Med,2021-08-06
Muscle strength is associated with COVID‐19 hospitalization in adults 50 years of age or older,J Cachexia Sarcopenia Muscle,2021-08-06
"Biochemical composition, transmission and diagnosis of SARS-CoV-2",Biosci Rep,2021-08-06
Effects of nanoplastic on toxicity of azole fungicides (ketoconazole and fluconazole) in zebrafish embryos.,The Science of the total environment,2021-08-04
Social and behavioral predictors of two-doses 4CMenB vaccine series among adolescents enrolled in a cluster randomized controlled trial in Australia,Human vaccines & immunotherapeutics,2021-08-04
The Association of Preoperative Frailty and Postoperative Delirium: A Meta-analysis.,Anesthesia and analgesia,2021-08-01
Transition to online learning during the COVID-19 pandemic,Comput Hum Behav Rep,2021-08-01
Building a Bridge: A Review of Information Literacy in Nursing Education.,The Journal of nursing education,2021-08-01
Influence of Polyethylene Terephthalate Powder on Hydration of Portland Cement,Polymers (Basel),2021-07-31
A Plant Root System Algorithm Based on Swarm Intelligence for One-dimensional Biomedical Signal Feature Engineering,,2021-07-31
Late Stage Cervical Cancer among Confirmed Cervical Cancer Cases in a Tertiary Care Centre: A Descriptive Cross-sectional Study.,JNMA; journal of the Nepal Medical Association,2021-07-30
Korean traditional foods as antiviral and respiratory disease prevention and treatments: A detailed review,Trends Food Sci Technol,2021-07-30
Investigating the COVID-19 pandemic’s impact on sustainable supplier selection in the Nigerian manufacturing sector,Comput Ind Eng,2021-07-30
Infection prevention and control standards and associated factors: Case study of the level of knowledge and practices among nurses in a Saudi Arabian hospital,J Prev Med Hyg,2021-07-30
"[Doctors, nurses and patients: dealing with contradictions, uncertainty and shortages during covid-19 in Mexico].","Historia, ciencias, saude--Manguinhos",2021-07-30
Outcome of scrub typhus in pregnancy during COVID-19 pandemic: A case report,J Family Med Prim Care,2021-07-30
Occupational and environmental exposure to SARS-CoV-2 in and around infected mink farms,Occup Environ Med,2021-07-29
Protein structure prediction by AlphaFold2: are attention and symmetries all you need?,Acta Crystallogr D Struct Biol,2021-07-29
"Surveillance of COVID-19 using a keyword search for symptoms in reports from emergency medical communication centers in Gironde, France: a 15 year retrospective cross-sectional study",Intern Emerg Med,2021-07-29
Ionometallurgical Step-Electrodeposition of Zinc and Lead and its Application in a Cycling-Stable High-Voltage Zinc-Graphite Battery.,Small,2021-07-29
High BMI Predicts Attention to Less Healthy Product Sets: Can a Prompt Lead to Consideration of Healthier Sets of Products?,Nutrients,2021-07-29
Discovery of Small Molecule Entry Inhibitors Targeting the Fusion Peptide of SARS-CoV-2 Spike Protein,ACS Med Chem Lett,2021-07-28
Detection of squawks in respiratory sounds of mechanically ventilated COVID-19 patients,,2021-07-28
Severity of Maternal SARS-CoV-2 Infection in Pregnancy Predicts Neonatal Outcomes.,American journal of perinatology,2021-07-28
Two Cases of SARS-CoV-2-Positive Mothers and Their Newborns in Korea.,Infection & chemotherapy,2021-07-28
Older Adults' Goals and Expectations When Using Long-Term Services and Supports.,Journal of applied gerontology : the official journal of the Southern Gerontological Society,2021-07-27
Evaluation and comparison of conjunctival swab polymerase chain reaction results in SARS-CoV-2 patients with and without ocular manifestations,Indian J Ophthalmol,2021-07-26
Perspective of the Relationship between the Susceptibility to Initial SARS-CoV-2 Infectivity and Optimal Nasal Conditioning of Inhaled Air,Int J Mol Sci,2021-07-24
Deep learning model for forecasting COVID-19 outbreak in Egypt,Process Saf Environ Prot,2021-07-24
Machine learning methods for imbalanced data set for prediction of faecal contamination in beach waters.,Water research,2021-07-23
Critical Review and Conceptual and Quantitative Models for the Transfer and Depuration of Ciguatoxins in Fishes,Toxins (Basel),2021-07-23
Discussion on “Competition on Spatial Statistics for Large Datasets”,J Agric Biol Environ Stat,2021-07-23
Impact of the COVID-19 pandemic on emergency medical resources: An observational multicenter study including all hospitals in a major urban center of the Rhein-Ruhr metropolitan region,Anaesthesist,2021-07-22
Antibody-independent functions of B cells during viral infections,PLoS Pathog,2021-07-22
DeltaCharger: Charging Robot with Inverted Delta Mechanism and CNN-driven High Fidelity Tactile Perception for Precise 3D Positioning,,2021-07-22
"Spectrum, risk factors and outcomes of neurological and psychiatric complications of COVID-19: a UK-wide cross-sectional surveillance study",Brain Commun,2021-07-22
Dynamics of partially mitigated multi-phasic epidemics at low susceptible depletion: Phases of COVID-19 control in Italy as case study,Math Biosci,2021-07-21
Securing Your Relationship: Quality of Intimate Relationships During the COVID-19 Pandemic Can Be Predicted by Attachment Style,Front Psychol,2021-07-21
Comprehensive Transcriptomic Analysis Identifies Novel Antiviral Factors Against Influenza A Virus Infection,Front Immunol,2021-07-21
Identification of novel inhibitors of SARS‐CoV‐2 main protease (M(pro)) from Withania sp. by molecular docking and molecular dynamics simulation,J Comput Chem,2021-07-20
Modeling alcohol-associated liver disease in a human Liver-Chip,Cell Rep,2021-07-20
"Medizinstudierende als Helfende in der Pandemie: Innovatives Konzept zu Rekrutierung, Schulung und Einsatzplanung von Medizinstudierenden als medizinisches Personal während der COVID-19-Pandemie",Anaesthesist,2021-07-20
A Crisis of Governance – Or an Opportunity?,Health Serv Insights,2021-07-20
"SARS-CoV-2, myocardial injury and inflammation: insights from a large clinical and autopsy study",Clin Res Cardiol,2021-07-19
Diagnostic evaluation and ablation treatments assessment in hepatocellular carcinoma,Infect Agent Cancer,2021-07-19
Risk Factors Associated with COVID-19 Hospitalization and Mortality: A Large Claims-Based Analysis Among People with Type 2 Diabetes Mellitus in the United States,Diabetes Ther,2021-07-18
The economic impact of lockdowns: A theoretical assessment(),J Math Econ,2021-07-18
Structural and functional characterization of ubiquitin variant inhibitors for the JAMM-family deubiquitinases STAMBP and STAMBPL1,bioRxiv,2021-07-17
Ultrasensitive detection of microRNA-21 by using specific interaction of antimonene with RNA as electrochemical biosensor.,Bioelectrochemistry,2021-07-17
Health and healthcare for people with disabilities in the UK during the COVID-19 pandemic,Disabil Health J,2021-07-17
Urban air pollution reduction: evidence from phase-wise analysis of COVID-19 pandemic lockdown,Arab J Geosci,2021-07-16
Mortality Among Noncoronavirus Disease 2019 Critically Ill Patients Attributable to the Pandemic in France,Crit Care Med,2021-07-16
Fatores associados ao óbito em casos confirmados de COVID-19 no estado do Rio de Janeiro,BMC Infect Dis,2021-07-16
"Universal Polymerase Chain Reaction Screening for Severe Acute Respiratory Syndrome Coronavirus 2 in Asymptomatic Patients Before Hospital Admission in Tokyo, Japan",J Clin Virol,2021-07-15
Novel Respiratory Viruses in the Context of Mass-Gathering Events: A Systematic Review to Inform Event Planning from a Health Perspective.,Prehospital and disaster medicine,2021-07-15
Positive and Negative Peace as Predictors of Pandemic Preparedness: Evidence from a Micro‐ and Macro‐Level Investigation During the Onset of the COVID‐19 Pandemic,Polit Psychol,2021-07-14
A case of active Covid-19 infection and transmission after the first dose of the BNT162b2 mRNA vaccination in Saudi Arabia: A case report,J Infect Public Health,2021-07-13
Composition and Functions of the Gut Microbiome in Pediatric Obesity: Relationships with Markers of Insulin Resistance,Microorganisms,2021-07-13
A longitudinal analysis of COVID-19 lockdown stringency on sleep and resting heart rate measures across 20 countries,Sci Rep,2021-07-13
Descriptive Review of Online Information Resources for People With Stroke: Protocol for a Scoping Review,JMIR Res Protoc,2021-07-13
Telemedicine Improves the Short-Term Medical Care of Acute ST-Segment Elevation Myocardial Infarction After Primary Percutaneous Coronary Intervention,Front Cardiovasc Med,2021-07-12
Interplay between interleukin-6 signaling and the vascular endothelium in cytokine storms,Exp Mol Med,2021-07-12
COVID-19 Self-quarantine and Weight Gain Risk Factors in Adults,Curr Obes Rep,2021-07-12
A survey of minimally invasive cardiac surgery during the COVID-19 pandemic.,Perfusion,2021-07-10
Personalized Medicine in Parkinson’s Disease: New Options for Advanced Treatments,J Pers Med,2021-07-10
Characteristics of SARS-CoV-2 testing for rapid diagnosis of COVID-19 during the initial stages of a global pandemic,PLoS One,2021-07-09
Repurposing colchicine’s journey in view of drug-to-drug interactions. A review,Toxicol Rep,2021-07-09
Prevalence of Fatigue and Its Association With Quality of Life Among Frontline Clinicians in Ophthalmology and Otolaryngology Departments During the COVID-19 Pandemic,Front Psychiatry,2021-07-09
"The East African Community (EAC) mobile laboratory networks in Kenya, Burundi, Tanzania, Rwanda, Uganda, and South Sudan—from project implementation to outbreak response against Dengue, Ebola, COVID-19, and epidemic-prone diseases",BMC Med,2021-07-09
Effect of Dietary or Supplemental Vitamin C Intake on Vitamin C Levels in Patients with and without Cardiovascular Disease: A Systematic Review.,Nutrients,2021-07-08
Death review of children receiving medical care at home,Pediatr Res,2021-07-08
"Impact of remote experimentation, interactivity and platform effectiveness on laboratory learning outcomes",Int J Educ Technol High Educ,2021-07-08
"Demographic and clinical characteristics of severe Covid-19 infections: a cross-sectional study from Mashhad University of Medical Sciences, Iran",BMC Infect Dis,2021-07-07
Opportunities and barriers for genetic service delivery in Kenya from a health personnel perspective,J Community Genet,2021-07-06
COVID-19 and MENtal Health: Addressing Men’s Mental Health Needs in the Digital World,Am J Mens Health,2021-07-06
"Social isolation, loneliness and all-cause dementia: a longitudinal and imaging-genetic study in the UK Biobank cohort",,2021-07-06
Prolonged SARS-CoV-2 RNA virus shedding and lymphopenia are hallmarks of COVID-19 in cancer patients with poor prognosis,Cell Death Differ,2021-07-06
"The effect of the social aspect, media dependency, and uncertainty against the formation of Trust toward information in social network sites: A case study of COVID‐19 information in Indonesia",The Electronic Journal of Information Systems in Developing Countries,2021-07-05
Cytokine-Induced Modulation of SARS-CoV2 Receptor Expression in Primary Human Nasal Epithelial Cells,Pathogens,2021-07-05
Significant rise in neck infections progressing to descending necrotizing mediastinitis during the COVID-19 pandemic quarantine,J Craniomaxillofac Surg,2021-07-03
Deep learning-based bird eye view social distancing monitoring using surveillance video for curbing the COVID-19 spread,Neural Comput Appl,2021-07-02
Nurse practitioner-owned practices and value-based payment.,Journal of the American Association of Nurse Practitioners,2021-07-02
Investigating 3D printed Cartesian Divers,,2021-07-02
"Youth in Latin America and the Caribbean in perspective: overview of the situation, challenges and promising interventions.",Ciencia & saude coletiva,2021-07-01
"COVID-19, Workforce Autonomy and the Health Supply Chain.",Healthcare quarterly,2021-07-01
Massively scaled-up testing for SARS-CoV-2 RNA via next-generation sequencing of pooled and barcoded nasal and saliva samples.,Nature biomedical engineering,2021-07-01
L’harmonisation Des Processus D’intégration En Afrique Noire Francophone,,2021-07-01
Interfacial Water Many-Body Effects Drive Structural Dynamics and Allosteric Interactions in SARS-CoV-2 Main Protease Dimerization Interface,J Phys Chem Lett,2021-07-01
The psychological impact of anxiety and depression on Chinese medical staff during the outbreak of the COVID-19 pandemic: a cross-sectional study.,Annals of palliative medicine,2021-07-01
Recent Advances on Immune Targeted Therapy of Colorectal Cancer Using bi-Specific Antibodies and Therapeutic Vaccines,Biol Proced Online,2021-07-01
Protection of K18-hACE2 mice and ferrets against SARS-CoV-2 challenge by a single-dose mucosal immunization with a parainfluenza virus 5-based COVID-19 vaccine.,Science advances,2021-07-01
Clustering of comorbidities.,Future healthcare journal,2021-07-01
CVnCoV and CV2CoV protect human ACE2 transgenic mice from ancestral B BavPat1 and emerging B.1.351 SARS-CoV-2,Nat Commun,2021-06-30
Changes in sexual functions and habits of healthcare workers during the ongoing COVID-19 outbreak: a cross-sectional survey study,Ir J Med Sci,2021-06-30
"Evaluating the association between COVID-19 and psychiatric presentations, suicidal ideation in an emergency department",PLoS One,2021-06-30
Broad antiviral and anti‐inflammatory efficacy of nafamostat against SARS‐CoV‐2 and seasonal coronaviruses in primary human bronchiolar epithelia,Nano Sel,2021-06-30
P0185 Are patients’ fears of catching COVID-19 during an emergency hospital admission with an acute urological problem justified? A UK epicentre experience,European Urology,2021-06-30
"Effects of a 6-month exercise programme on disease activity, physical and functional parameters in patients with ankylosing spondylitis: Randomised controlled trial",S Afr J Physiother,2021-06-29
Spatial pattern of the population casualty rate caused by super typhoon Lekima and quantification of the interactive effects of potential impact factors,BMC Public Health,2021-06-29
"Chronic Obstructive Pulmonary Disease: Epidemiology, Biomarkers, and Paving the Way to Lung Cancer",J Clin Med,2021-06-29
Activation of Platelet NLRP3 Inflammasome in Crohn’s Disease,Front Pharmacol,2021-06-28
Influenza vaccination coverage in elderly and high-risk adults: characterization of associated factors,Einstein (Säo Paulo),2021-06-28
In silico screening of phytopolyphenolics for the identification of bioactive compounds as novel protease inhibitors effective against SARS-CoV-2.,Journal of biomolecular structure & dynamics,2021-06-28
"Psychological Symptoms in Italian, Spanish and Portuguese Youth During the COVID-19 Health Crisis: A Longitudinal Study",Child Psychiatry Hum Dev,2021-06-26
Kommunikation des Evangeliums und Populäre Religion. Annäherung an ein Spannungsverhältnis am Beispiel des YouTube-Kanals „Jana glaubt“,Z Religion Ges Polit,2021-06-25
"Coinfection of Tuberculosis in an Undiagnosed HIV, AIDS Patient Presenting With Shortness of Breath, Constitutional Symptoms and Lymphadenopathy",Cureus,2021-06-25
The Possibility of Introducing Conscientious Exemption from Mandatory Vaccination in Poland.,European journal of health law,2021-06-25
Gender issues during the times of COVID‐19 pandemic,Eur J Neurol,2021-06-25
RIC in COVID-19—a Clinical Trial to Investigate Whether Remote Ischemic Conditioning (RIC) Can Prevent Deterioration to Critical Care in Patients with COVID-19,Cardiovasc Drugs Ther,2021-06-25
Inequalities in the Distribution of National Institutes of Health Research Project Grant Funding,bioRxiv,2021-06-24
HIV-1 and human genetic variation,Nat Rev Genet,2021-06-24
"Anxiety, depressive, and trauma symptoms during the COVID-19 pandemic: Evaluating the role of disappointment with God.",Journal of affective disorders,2021-06-24
SARS-CoV-2 viral proteins NSP1 and NSP13 inhibit interferon activation through distinct mechanisms,PLoS One,2021-06-24
A model-based source separation algorithm for lung perfusion imaging using electrical impedance tomography.,Physiological measurement,2021-06-24
Acute Kidney Injury Induced Lupus Exacerbation Through the Enhanced Neutrophil Extracellular Traps (and Apoptosis) in Fcgr2b Deficient Lupus Mice With Renal Ischemia Reperfusion Injury,Front Immunol,2021-06-24
"Ageist Attitudes Are Associated with Will-to-Live and Moderated by Age, Medical Conditions and Attitudes toward Aging",Int J Environ Res Public Health,2021-06-23
FDG-PET/CT of COVID-19 and Other Lung Infections,Semin Nucl Med,2021-06-22
Schistosomiasis with a Focus on Africa,Trop Med Infect Dis,2021-06-22
An Overview of Reviews on Interprofessional Collaboration in Primary Care: Effectiveness.,International journal of integrated care,2021-06-22
Enrichment of low abundance DNA/RNA by oligonucleotide-clicked iron oxide nanoparticles,Sci Rep,2021-06-22
Hyperion Image Analysis Depicts a Preliminary Landscape of Tumor Immune Microenvironment in OSCC with Lymph Node Metastasis,J Immunol Res,2021-06-21
Key steps to reduce the aerosolized risk related to total laryngectomy in COVID‐19 era: A case report,Clin Case Rep,2021-06-19
Drawing Parallels Among Past Public Health Crises and COVID-19,Disaster medicine and public health preparedness,2021-06-18
Up to five-week delay in primary repair of Zone 2 flexor tendon injuries: outcomes and complications.,"The Journal of hand surgery, European volume",2021-06-18
Remdesivir to treat COVID-19: can dosing be optimized?,,2021-06-18
Small Molecule Inhibitors of Influenza Virus Entry,Pharmaceuticals (Basel),2021-06-18
Impact of Covid-19 containment on community pharmaceutical spending in Andalusia - Spain,Pharm Pract (Granada),2021-06-18
Quantifying the impact of the COVID‐19 pandemic on gastrointestinal cancer care delivery,Cancer Rep (Hoboken),2021-06-17
Características clínicas y pronóstico de los pacientes de COVID-19 con síndrome metabólico: un estudio multicéntrico y retrospective,Med Clin (Barc),2021-06-17
The Safety and Immunogenicity of the mRNA-BNT162b2 SARS-CoV-2 Vaccine in Hemodialysis Patients,Front Immunol,2021-06-16
A Flexible Agent-Based Model to Study COVID-19 Outbreak - A Generic Approach,,2021-06-16
Multivalency transforms SARS-CoV-2 antibodies into ultrapotent neutralizers,Nat Commun,2021-06-16
Implementation of iPads to Increase Compliance With Delivery of New Parent Education in the Mother–Baby Unit: Retrospective Study,JMIR Pediatr Parent,2021-06-15
Azole resistance in Aspergillus species: Promising therapeutic options.,Expert opinion on pharmacotherapy,2021-06-15
A Study of JCIH (Joint Commission on Infant Hearing) Risk Factors for Hearing Loss in Babies of NICU and Well Baby Nursery at a Tertiary Care Center,Indian J Otolaryngol Head Neck Surg,2021-06-15
"Temporal Trends in Suicidal Ideation and Attempts Among US Adolescents by Sex and Race/Ethnicity, 1991-2019",JAMA Netw Open,2021-06-14
Factors Associated With Postpartum Uninsurance Among Medicaid-Paid Births,JAMA Health Forum,2021-06-14
Online Tool (Brain Assessment) for the Detection of Cognitive Function Changes during Aging.,Dementia and geriatric cognitive disorders,2021-06-14
Evaluation of Oxford Nanopore MinION RNA-Seq Performance for Human Primary Cells,Int J Mol Sci,2021-06-12
Internet Access and Nutritional Intake: Evidence from Rural China,Nutrients,2021-06-11
Targeted Mitochondrial Therapy With Over-Expressed MAVS Protein From Mesenchymal Stem Cells: A New Therapeutic Approach for COVID-19,Front Cell Dev Biol,2021-06-11
Effectiveness of a Program Based on Telehealth in Nutritional Knowledge and Body Mass Index in Peruvian University Teachers,J Prim Care Community Health,2021-06-10
Construction of Ideal Remote Assessment Environments and the Impact of Self-Selected Music on Student Performance,Innov Pharm,2021-06-10
A Personal Respirator to Improve Protection for Healthcare Workers Treating COVID-19 (PeRSo),Front Med Technol,2021-06-10
Formulation and Evaluation of Alcohol-Free Hand Sanitizer Gels to Prevent the Spread of Infections during Pandemics,Int J Environ Res Public Health,2021-06-09
Projecting palliative and end-of-life care needs in Central Lancashire up to 2040: an integrated palliative care and public health approach.,Public health,2021-06-08
Intimate Partner Violence during the COVID-19 Pandemic: A Review of the Phenomenon from Victims’ and Help Professionals’ Perspectives,Int J Environ Res Public Health,2021-06-08
What gastroenterologists should know about SARS–CoV 2 vaccine: World Endoscopy Organization perspective,United European Gastroenterol J,2021-06-08
Symptoms in patients with asthma infected by SARS-CoV-2,Respir Med,2021-06-08
Nutritional Impact of Economic Downturn: How the Great Recession Shaped Dietary Behaviors in US Adults,Curr Dev Nutr,2021-06-07
Cylindrical Microparticles Composed of Mesoporous Silica Nanoparticles for the Targeted Delivery of a Small Molecule and a Macromolecular Drug to the Lungs: Exemplified with Curcumin and siRNA,Pharmaceutics,2021-06-07
"Web-based, rapid and contactless management of ambulatory patients for SARS-CoV-2-testing",BMC Infect Dis,2021-06-07
3D UAV Trajectory and Data Collection Optimisation via Deep Reinforcement Learning,,2021-06-06
"Evaluation of the comprehensiveness, accuracy and currency of the Cochrane COVID‐19 Study Register for supporting rapid evidence synthesis production",Res Synth Methods,2021-06-05
Accessibility Planning for Higher Education Campuses in India: A Contextual Approach to Universal Design.,Studies in health technology and informatics,2021-06-04
Encephalopathy Associated with Severe Cytomegalovirus Infection in an Immunocompetent Young Woman,Case Rep Infect Dis,2021-06-04
Indications for Inpatient Magnetoencephalography in Children – An Institution’s Experience,Front Hum Neurosci,2021-06-04
Investigating the Impact of Job Loss and Decreased Work Hours on Physical and Mental Health Outcomes Among US Adults During the COVID-19 Pandemic.,Journal of occupational and environmental medicine,2021-06-04
White Matter Lesions and Outcomes After Endovascular Treatment for Acute Ischemic Stroke: MR CLEAN Registry Results,Stroke,2021-06-03
Pathophysiological Roles of Stress-Activated Protein Kinases in Pulmonary Fibrosis,Int J Mol Sci,2021-06-03
Addressing Racial and Ethnic Disparities in COVID-19 Among School-Aged Children: Are We Doing Enough?,Prev Chronic Dis,2021-06-03
"Comparison of Adverse Events Among Home- vs Facility-Administered Biologic Infusions, 2007-2017",JAMA Netw Open,2021-06-03
COVID-19 disrupts spermatogenesis through the oxidative stress pathway following induction of apoptosis,Apoptosis,2021-06-02
Why and how to open intensive care units to family visits during the pandemic,Crit Care,2021-06-02
Nano and Microparticles as Potential Oral Vaccine Carriers and Adjuvants Against Infectious Diseases,Front Pharmacol,2021-06-02
Improved machine learning performances with transfer learning to predicting need for hospitalization in arboviral infections against the small dataset,Neural Comput Appl,2021-06-01
"The effect of care transition pathway implementation on patients undergoing joint replacement during the COVID-19 pandemic: a quasi-experimental study from a tertiary care hospital orthopedic department in Beijing, China",J Orthop Surg Res,2021-06-01
"A deep-learning pipeline for the diagnosis and discrimination of viral, non-viral and COVID-19 pneumonia from chest X-ray images",Nat Biomed Eng,2021-06-01
Utilizing Point-of-Care Testing to Optimize Patient Care.,EJIFCC,2021-06-01
Axillary adenopathy following COVID-19 vaccination: A single institution case series,Clin Imaging,2021-06-01
"KNOWLEDGE, ATTITUDE AND PRACTICE OF NIGERIAN MEDICAL STUDENTS TOWARDS COMPLEMENTARY AND ALTERNATIVE MEDICINE IN COVID-19 MANAGEMENT.",Annals of Ibadan postgraduate medicine,2021-06-01
Prevalence and psychosocial risk factors of nonsuicidal self-injury among adolescents during the COVID-19 outbreak,Curr Psychol,2021-06-01
Assessing Vocal Chanting as an Online Psychosocial Intervention,Front Psychol,2021-06-01
[VACCINATION: HUMAN RIGHT OR DUTY].,Georgian medical news,2021-06-01
Treatment Satisfaction and Its Associated Factors of Dolutegravir Based Regimen in a Resource Limited Setting,Patient Prefer Adherence,2021-06-01
Fifteen years of Multiprofessional Residency in Family Health at Primary Health Care: contributions from Fiocruz.,Ciencia & saude coletiva,2021-06-01
Proangiogenic Effect of 2A-Peptide Based Multicistronic Recombinant Constructs Encoding VEGF and FGF2 Growth Factors,Int J Mol Sci,2021-05-31
Hospital Costs of Extracorporeal Membrane Oxygenation in Adults: A Systematic Review,Pharmacoecon Open,2021-05-31
An overview of rational design of mRNA-based therapeutics and vaccines.,Expert opinion on drug discovery,2021-05-31
MO1047 DEVELOPMENT OF A HOME CARE SUPPORT SYSTEM FOR PERITONEAL DIALYSIS PATIENTS II - MEDICAL INFORMATION SHARING CLOUD SYSTEM AND ITS EVALUATION,Nephrol Dial Transplant,2021-05-29
Evaluation of a Low-Cost Commercial Actigraph and Its Potential Use in Detecting Cultural Variations in Physical Activity and Sleep,Sensors (Basel),2021-05-29
Pandemics and Income Inequality: What Do the Data Tell for the Globalization Era?,Front Public Health,2021-05-28
Efficacy and Safety of Mammalian Target of Rapamycin Inhibitors Following Intestinal and Multivisceral Transplantation.,Clinical transplantation,2021-05-28
The Epidemiology of COVID-19 and MS-Related Characteristics in a National Sample of People With MS in China,Front Neurol,2021-05-28
Pathological Complete Response After Neoadjuvant Therapy in Rectal Adenocarcinoma: a 5-Year Follow-up,Indian J Surg,2021-05-27
Intention to Use Behavioral Health Data From a Health Information Exchange: Mixed Methods Study,JMIR Ment Health,2021-05-27
Diffuse functional brain disconnection syndrome in critically ill patients with COVID-19,J Infect Public Health,2021-05-27
"P112 Impact of the SARS-COV2 pandemic on patients with inflammatory bowel disease - Preliminary results of a prospective, single-center study",J Crohns Colitis,2021-05-27
P434 Factors associated with medical and psycosocioeconomic changes in IBD during the COVID-19 pandemic and post-pandemic period,J Crohns Colitis,2021-05-27
A Machine Learning Algorithm Predicts Duration of hospitalization in COVID-19 patients,Intell Based Med,2021-05-27
Prevalence of Clinical and Subclinical Myocarditis in Competitive Athletes With Recent SARS-CoV-2 Infection: Results From the Big Ten COVID-19 Cardiac Registry,JAMA Cardiology,2021-05-27
Are We Forgetting About IgA? A Re‐examination of Coronavirus Disease 2019 Convalescent Plasma,Transfusion,2021-05-26
"A weak COPI binding motif in the cytoplasmic tail of SARS‐CoV‐2 spike glycoprotein is necessary for its cleavage, glycosylation, and localization",FEBS Lett,2021-05-26
The role of mediator complex subunit 19 in human diseases.,Experimental biology and medicine,2021-05-26
Positive Predictive Value of ICD-10 Diagnosis Codes for COVID-19,Clin Epidemiol,2021-05-25
COVID‐19‐another influential event impacts on laboratory medicine management,J Clin Lab Anal,2021-05-25
The Structure of ChAdOx1/AZD-1222 Reveals Interactions with CAR and PF4 with Implications for Vaccine-induced Immune Thrombotic Thrombocytopenia,bioRxiv,2021-05-24
Covid-19 Impacts on Florida's Healthcare Professionals.,Hospital topics,2021-05-24
COVID-19 Detection Using Recorded Coughs in the 2021 DiCOVA Challenge,,2021-05-22
Detection and screening of COVID-19 through chest computed tomography radiographs using deep neural networks.,Data Science for COVID-19,2021-05-21
Changes in influenza vaccination coverage associated during the COVID‐19 pandemic in Japan,J Gen Fam Med,2021-05-21
Heterogeneous Treatment Effects in Social Networks,,2021-05-21
Functional-genomic analysis reveals intraspecies diversification of antiviral receptor transporter proteins in Xenopus laevis,PLoS Genet,2021-05-20
Neurophysiological Changes Induced by Music-Supported Therapy for Recovering Upper Extremity Function after Stroke: A Case Series,Brain Sci,2021-05-20
Convergence in renewable energy sources diffusion worldwide.,Journal of environmental management,2021-05-20
Marine algal flavonoids and phlorotannins; an intriguing frontier of biofunctional secondary metabolites.,Critical reviews in biotechnology,2021-05-20
bootComb—an R package to derive confidence intervals for combinations of independent parameter estimates,Int J Epidemiol,2021-05-19
The organizational principles of de-differentiated topographic maps in somatosensory cortex,eLife,2021-05-18
Morbidity and mortality in patients undergoing lower limb arthroplasty surgery during the initial surge of the COVID-19 pandemic in the UK at a single-speciality orthopaedic hospital,Bone Jt Open,2021-05-18
Measurement of Respiratory Rate using Wearable Devices and Applications to COVID-19 Detection,,2021-05-18
Reactions of older Swiss adults to the COVID-19 pandemic: A longitudinal survey on the acceptance of and adherence to public health measures,Soc Sci Med,2021-05-18
Telemedicine in Peru as a Result of the COVID-19 Pandemic: Perspective from a Country with Limited Internet Access,Am J Trop Med Hyg,2021-05-17
Long COVID and the brain network of Proust's madeleine: targeting the olfactory pathway,Clin Microbiol Infect,2021-05-17
Duration of SARS-CoV-2 viral shedding in faeces as a parameter for wastewater-based epidemiology: Re-analysis of patient data using a shedding dynamics model,Sci Total Environ,2021-05-15
"Isolation and characterization of SARS-CoV-2 VOC, 20H/501Y.V2, from UAE travelers",bioRxiv,2021-05-14
Do wealth and inequality associate with health in a small-scale subsistence society?,,2021-05-14
Different approaches to quantify years of life lost from COVID-19,,2021-05-14
Ecology and Human Health: Medical Technology Aspects,Biomed Eng (NY),2021-05-14
"Polycyclic aromatic hydrocarbons and nitro-polycyclic aromatic hydrocarbons in five East Asian cities: Seasonal characteristics, health risks, and yearly variations.",Environmental pollution,2021-05-13
Severe acute respiratory Syndrome-Coronavirus-2: Can it be detected in the retina?,PLoS One,2021-05-13
Chatbots as a Tool to Scale Mentoring Processes: Individually Supporting Self-Study in Higher Education,Front Artif Intell,2021-05-13
mRNA vaccine-induced SARS-CoV-2-specific T cells recognize B.1.1.7 and B.1.351 variants but differ in longevity and homing properties depending on prior infection status,bioRxiv,2021-05-12
"Prevalence, incidence and mortality of delirium in patients with COVID-19: A systematic review and meta-analysis",Age Ageing,2021-05-12
Effects of COVID-19 lockdown on physical activity in coronary patients on a phase III cardiac rehabilitation program,Eur J Prev Cardiol,2021-05-11
The prognostic significance of electrocardiography findings in patients with coronavirus disease 2019: A retrospective study,Clin Cardiol,2021-05-11
Chemical pollution: A growing peril and potential catastrophic risk to humanity.,Environment international,2021-05-11
Adjunctive homeopathic treatment of hospitalized COVID-19 patients (COVIHOM): A retrospective case series,Complement Ther Clin Pract,2021-05-11
Neighborhood Social Cohesion and the Health of Native Hawaiian and Other Pacific Islander Older Adults.,Journal of gerontological social work,2021-05-11
"MDMA-assisted therapy for severe PTSD: a randomized, double-blind, placebo-controlled phase 3 study",Nat Med,2021-05-10
Frequency of hepatic steatosis and its association with the pneumonia severity score on chest computed tomography in adult COVID-19 patients,World J Crit Care Med,2021-05-09
The Bariatric-Metabolic Physician’s Role in Managing Clinically Severe Obesity,Curr Obes Rep,2021-05-08
"An integrative review on mothers' experiences of online breastfeeding peer support: Motivations, attributes and effects",Matern Child Nutr,2021-05-07
Will SARS-CoV-2 Become Just Another Seasonal Coronavirus?,Viruses,2021-05-07
Effectiveness of Emergent Ad Hoc Coordination Groups in Public Health Emergencies.,Risk analysis : an official publication of the Society for Risk Analysis,2021-05-07
Oral Midodrine Administration During the First 24 Hours of Sepsis to Reduce the Need of Vasoactive Agents: Placebo-Controlled Feasibility Clinical Trial,Crit Care Explor,2021-05-06
COVID-19 crisis and minimally invasive surgery: a narrative review on intraoperative aerosol viral transmission and their impact on guidelines and clinical practice in Austria,Curr Opin Urol,2021-05-06
Securing a sustainable and fit-for-purpose UK health and care workforce.,Lancet,2021-05-06
MoiRNAiFold: a novel tool for complex in silico RNA design,Nucleic Acids Res,2021-05-06
Animal immunization merges with innovative technologies: A new paradigm shift in antibody discovery,mAbs,2021-05-05
The new periodontal disease classification: Level of agreement on diagnoses and treatment planning at various dental education levels.,Journal of dental education,2021-05-05
Impacts of COVID‐19 and Price Transmission in U.S. Meat Markets,Agric Econ,2021-05-04
Evaluation of the persistence of SARS-CoV-2 (ATCC® VR-1986HK™) on two different food contact materials: flow pack polyethylene and polystyrene food trays,Lebensm Wiss Technol,2021-05-04
Envisioning Communities: A Participatory Approach Towards AI for Social Good,,2021-05-04
Can patient-led surveillance detect subsequent new primary or recurrent melanomas and reduce the need for routinely scheduled follow-up? A protocol for the MEL-SELF randomised controlled trial,Trials,2021-05-04
Euglycemic Diabetic Ketoacidosis in a Patient With Gestational Diabetes Mellitus and COVID-19 Infection,J Endocr Soc,2021-05-03
Could COVID-19 Reverse the Modest Gains Made in Newborn Health in Ethiopia?,Matern Child Health J,2021-05-03
718 Investigating Decreased Positive Airway Pressure Compliance in a Veteran Affairs Sleep Medicine Clinic During the 2020 Pandemic,Sleep,2021-05-03
Can the Covid19 pandemic affect the achievement of the ‘Zero Hunger’ goal? Some preliminary reflections,Eur J Health Econ,2021-05-02
[Routine Epidemic Prevention and Control and Treatment Process Reengineering of Outpatient Dental Care].,Sichuan da xue xue bao. Yi xue ban = Journal of Sichuan University. Medical science edition,2021-05-01
Targeting RAGE to prevent SARS-CoV-2-mediated multiple organ failure: Hypotheses and perspectives,Life Sci,2021-05-01
"The Barts Health NHS Trust COVID-19 cohort: characteristics, outcomes and risk scoring of patients in East London.",The international journal of tuberculosis and lung disease : the official journal of the International Union against Tuberculosis and Lung Disease,2021-05-01
"Global Water, Sanitation, and Hygiene Approaches: Anthropological Contributions and Future Directions for Engineering",Environ Eng Sci,2021-05-01
Survey Data of COVID-19 Vaccine Side Effects among Hospital Staff in a National Referral Hospital in Indonesia,Data Brief,2021-05-01
Interprofessional Consultations (eConsults) in Urology.,Urology practice,2021-05-01
Capillary electrophoresis as a fragment screening tool to cross-validate hits from chromogenic assay: Application to FXIIa.,Talanta,2021-05-01
Ambulatory Care Simulation: A Collaboration Between MSN and BSN Students.,The Journal of nursing education,2021-05-01
Recovery from COVID-19 Pneumonia in a Heart Transplant Recipient,The Journal of Heart and Lung Transplantation,2021-04-30
"Knowledge, Attitudes, Practices and Some Characteristic Features of People Recovered from COVID-19 in Turkey",Medicina (Kaunas),2021-04-30
Stimulating Research to Advance Evidence-Based Applications of Telehealth in Occupational Therapy.,"OTJR : occupation, participation and health",2021-04-30
The use of ICT by ESL teachers working with young learners during the early COVID-19 pandemic in Poland,Educ Inf Technol (Dordr),2021-04-29
Prevalence and Correlates of Vitamin D Deficiency among Young South African Infants: A Birth Cohort Study,Nutrients,2021-04-29
Knowledge About COVID-19 Among Adults in China: Cross-sectional Online Survey,J Med Internet Res,2021-04-29
"Feature-based attention enables robust, long-lasting location transfer in human perceptual learning",bioRxiv,2021-04-29
"Librator, a platform for optimized sequence editing, design, and expression of influenza virus proteins",bioRxiv,2021-04-29
The RADx Tech Deep Dive and Work Package 1 Process,IEEE Open J Eng Med Biol,2021-04-28
A Virulent PEDV Strain FJzz1 with Genomic Mutations and Deletions at the High Passage Level Was Attenuated in Piglets via Serial Passage In Vitro,Virol Sin,2021-04-28
Vacunación anti-COVID-19: La realidad tras los ensayos clínicos,Rev Esp Quimioter,2021-04-28
Kawasaki Disease and Systemic Juvenile Idiopathic Arthritis – Two Ends of the Same Spectrum,Front Pediatr,2021-04-28
Extraperitoneal versus transperitoneal approach for robot-assisted radical prostatectomy: a contemporary systematic review and meta-analysis.,Journal of robotic surgery,2021-04-27
Pharmacist Prescribing for Minor Ailments Service Development: The Experience in Ontario,Pharmacy (Basel),2021-04-27
Anomalously warm weather and acute care visits in patients with multiple sclerosis: A retrospective study of privately insured individuals in the US,PLoS Med,2021-04-26
Peptides-Based Vaccine MP3RT Induced Protective Immunity Against Mycobacterium Tuberculosis Infection in a Humanized Mouse Model,Front Immunol,2021-04-26
Effectiveness of mRNA COVID-19 vaccines against SARS-CoV-2 infection in a cohort of healthcare personnel,Clin Infect Dis,2021-04-26
Hemodynamic Effects of an Increased Midodrine Dosing Frequency,Crit Care Explor,2021-04-26
Distinguishing non severe cases of dengue from COVID-19 in the context of co-epidemics: A cohort study in a SARS-CoV-2 testing center on Reunion island,PLoS Negl Trop Dis,2021-04-26
"Identification of the high-risk residence communities and possible risk factors of COVID-19 in Wuhan, China",,2021-04-24
Strategies to Address COVID-19 Vaccine Hesitancy and Mitigate Health Disparities in Minority Populations,Front Public Health,2021-04-23
Neutralization of variant under investigation B.1.617 with sera of BBV152 vaccinees,bioRxiv,2021-04-23
Understanding the barriers to pooled SARS-CoV-2 testing in the United States,,2021-04-22
"How can human resources for health interventions contribute to sexual, reproductive, maternal, and newborn healthcare quality across the continuum in low- and lower-middle-income countries? A systematic review.",Human resources for health,2021-04-21
COVID-19 Impact in Neurosurgery Residency: Grit in the Face of Pandemic,World Neurosurg,2021-04-21
High likelihood of accepting COVID-19 vaccine in a Latinx community at high SARS-CoV2 risk in San Francisco,Open Forum Infect Dis,2021-04-20
Influenza Vaccination Rates Among Patients With a History of Cancer: Analysis of the National Health Interview Survey,Open Forum Infect Dis,2021-04-20
Managing Obesity in Lockdown: Survey of Health Behaviors and Telemedicine,Nutrients,2021-04-19
AP205 VLPs Based on Dimerized Capsid Proteins Accommodate RBM Domain of SARS-CoV-2 and Serve as an Attractive Vaccine Candidate,Vaccines (Basel),2021-04-19
The Impact of Coronavirus (COVID-19) Related Public-Health Measures on Training Behaviours of Individuals Previously Participating in Resistance Training: A Cross-Sectional Survey Study,Sports Med,2021-04-19
Constructing social Europe through European cultural heritage,European societies,2021-04-18
Early immune responses and prognostic factors in children with COVID-19: a single-center retrospective analysis,BMC Pediatr,2021-04-17
#socialwork: An International Study Examining Social Workers’ Use of Information and Communication Technology,Br J Soc Work,2021-04-16
"SARS-CoV-2 RNA load in the lower respiratory tract, viral RNAemia and N-antigenemia in critically ill adult COVID-19 patients: relationship with biomarkers of disease severity",,2021-04-16
Hemodynamic performance limits of the neonatal Double-Lumen cannula.,Journal of biomechanics,2021-04-15
Talent management challenges during COVID-19 and beyond: Performance management to the rescue,,2021-04-15
"Update on Pediatric Tracheostomy: Indications, Technique, Education, and Decannulation",Curr Otorhinolaryngol Rep,2021-04-15
“Thought I’d Share First” and Other Conspiracy Theory Tweets from the COVID-19 Infodemic: Exploratory Study,JMIR Public Health Surveill,2021-04-14
Medical Care Disruptions During the First Six-Months of the COVID19 Pandemic: The Experience of Older Breast Cancer Survivors,Res Sq,2021-04-14
Using Artificial Intelligence to provide Intelligent Dispute Resolution Support,Group Decis Negot,2021-04-13
SARS-CoV-2 colonization of maternal and fetal cells of the human placenta promotes alteration of local renin-angiotensin system,Med (N Y),2021-04-13
Emergency upscaling of video consultation during the COVID-19 pandemic: Contrasting user experience with data insights from the electronic health record in a large academic hospital,Int J Med Inform,2021-04-12
Clinical course of patients on maintenance hemodialysis and COVID-19: a retrospective longitudinal study,Int J Med Sci,2021-04-12
Development of highly potent neutralising nanobodies against multiple SARS-CoV-2 variants including the variant of concern B.1.351,bioRxiv,2021-04-12
Mass Testing With Contact Tracing Compared to Test and Trace for the Effective Suppression of COVID-19 in the United Kingdom: Systematic Review,JMIRx Med,2021-04-12
Experiences of Patients With COVID-19 Admitted to the Intensive Care Units: A Qualitative Study,J Patient Exp,2021-04-12
"Metformin, A Potential Role in Age-Related Macular Degeneration: A Systematic Review and Meta-Analysis.",Ophthalmology and therapy,2021-04-12
Public Roads as Places of Interspecies Conflict: A Study of Horse-Human Interactions on UK Roads and Impacts on Equine Exercise,Animals (Basel),2021-04-09
Inhibition of Host Gene Expression by KSHV: Sabotaging mRNA Stability and Nuclear Export,Front Cell Infect Microbiol,2021-04-09
The Royal Army Dental Corps today,Br Dent J,2021-04-09
COVID-19 Protective Behaviors Are Forms of Prosocial and Unselfish Behaviors,Front Psychol,2021-04-09
Genome Scale-Differential Flux Analysis reveals deregulation of lung cell metabolism on SARS-CoV-2 infection,PLoS Comput Biol,2021-04-09
Prenatal Development and Function of Human Mononuclear Phagocytes,Front Cell Dev Biol,2021-04-08
"Acute kidney injury is more common in men than women after accounting for socioeconomic status, ethnicity, alcohol intake and smoking history",Biol Sex Differ,2021-04-08
A Rabbit Model for Prolonged Continuous Intravenous Infusion Via a Peripherally Inserted Central Catheter,Front Pharmacol,2021-04-08
Health Systems and Services During COVID-19: Lessons and Evidence From Previous Crises: A Rapid Scoping Review to Inform the United Nations Research Roadmap for the COVID-19 Recovery.,"International journal of health services : planning, administration, evaluation",2021-04-08
Advances and opportunities in malaria population genomics,Nat Rev Genet,2021-04-08
Targeting TFE3 Protects Against Lysosomal Malfunction-Induced Pyroptosis in Random Skin Flaps via ROS Elimination,Front Cell Dev Biol,2021-04-08
Internet of Things Geosensor Network for Cost-Effective Landslide Early Warning Systems,Sensors (Basel),2021-04-08
Evaluation of Time Series Forecasting Models for Estimation of PM2.5 Levels in Air,2021 6th International Conference for Convergence in Technology,2021-04-07
Sutured Versus Mesh-Augmented Hiatus Hernia Repair: A Systematic Review and Meta-Analysis of Randomized Controlled Trials.,Annals of surgery,2021-04-07
Programa de Acción Mundial para Superar las Brechas en Salud Mental (mhGAP) en Chile: aprendizajes y desafíos para América Latina y el Caribe,Rev Panam Salud Publica,2021-04-06
When and why do people act on flawed science? Effects of anecdotes and prior beliefs on evidence-based decision-making,Cogn Res Princ Implic,2021-04-06
Roseola Infantum During the COVID-19 Pandemic.,Journal of pediatric hematology/oncology,2021-04-06
When politics collides with public health: COVID-19 vaccine country of origin and vaccination acceptance in Brazil,Vaccine,2021-04-06
Rapid visual detection of SARS-CoV-2 by colorimetric loop-mediated isothermal amplification,BioTechniques,2021-04-06
Altered O-glycosylation Level of SARS-CoV-2 Spike Protein by Host O-glycosyltransferase Strengthens Its Trimeric Structure,bioRxiv,2021-04-06
Fear and anxiety about COVID‐19 among local and overseas Chinese university students,Health Soc Care Community,2021-04-06
Dense and influential core promotion of daily viral information spread in political echo chambers,Sci Rep,2021-04-05
"Health Status and Lifestyle Habits of Vulnerable, Community-Dwelling Older People During the COVID-19 Lockdown",J Frailty Aging,2021-04-05
The effects of mobile health on emergency care in low- and middle-income countries: A systematic review and narrative synthesis.,Journal of global health,2021-04-03
Rituximab-associated hypogammaglobulinemia in autoimmune rheumatic diseases: a single-center retrospective cohort study,Rheumatol Int,2021-04-03
Increased Hospitalization and Mortality from COVID-19 in Prostate Cancer Patients,Cancers (Basel),2021-04-01
"Comparative efficacy of commercially available deoxynivalenol detoxifying feed additives on growth performance, total tract digestibility of components, and physiological responses in nursery pigs fed diets formulated with naturally contaminated corn.",Translational animal science,2021-04-01
Learning Experience Design in Health Professions Education: A Conceptual Review of Evidence for Educators.,AEM education and training,2021-04-01
Development and validation of a predictive model to determine the level of care in patients confirmed with COVID-19.,Infectious diseases,2021-04-01
Going Up or Down?,AMA journal of ethics,2021-04-01
"Changes in Young Adults' Alcohol and Marijuana Use, Norms, and Motives From Before to During the COVID-19 Pandemic.",The Journal of adolescent health : official publication of the Society for Adolescent Medicine,2021-04-01
Sequencing of SARS-CoV-2 genome using different nanopore chemistries,Appl Microbiol Biotechnol,2021-04-01
Mind the Gap: Alveolar Bone Graft Revision in the Era of Computed Tomography.,The Cleft palate-craniofacial journal : official publication of the American Cleft Palate-Craniofacial Association,2021-04-01
Autophagy Inhibitors Do Not Restore Peroxisomal Functions in Cells With the Most Common Peroxisome Biogenesis Defect,Front Cell Dev Biol,2021-04-01
Weaning patients with obesity from ventilatory support.,Current opinion in critical care,2021-03-31
Projecting daily travel behavior by distance during the pandemic and the spread of COVID-19 infections – Are we in a closed loop scenario?,Transportation Research Interdisciplinary Perspectives,2021-03-31
18075 Giving birth during COVID-19 from the birthing person’s perspective,J Clin Transl Sci,2021-03-31
Limited Genetic Diversity Detected in Middle East Respiratory Syndrome-Related Coronavirus Variants Circulating in Dromedary Camels in Jordan,Viruses,2021-03-31
Utilizing heat pipe heat exchanger to reduce the energy consumption of airborne infection isolation hospital room HVAC system,Journal of Building Engineering,2021-03-31
Maßnahmen zur Bewältigung der COVID-19-Pandemie in Deutschland: nichtpharmakologische und pharmakologische Ansätze,Bundesgesundheitsblatt Gesundheitsforschung Gesundheitsschutz,2021-03-31
Precision medicine in acute respiratory distress syndrome: workshop report and recommendations for future research.,European respiratory review : an official journal of the European Respiratory Society,2021-03-31
Psychological Health Status of Psychiatric Patients Living in Treatment Communities before and during the COVID-19 Lockdown: A Brief Report,Int J Environ Res Public Health,2021-03-30
What determines city's resilience against epidemic outbreak: evidence from China's COVID-19 experience,Sustain Cities Soc,2021-03-30
Multi-layered market forecast framework for hotel revenue management by continuously learning market dynamics,J Revenue Pricing Manag,2021-03-30
A Case of Atrial Flutter Masking Acute Pericarditis,Cureus,2021-03-29
Implications of the school-household network structure on SARS-CoV-2 transmission under school reopening strategies in England,Nat Commun,2021-03-29
Cardiopulmonary resuscitation (CPR) training strategies in the times of COVID-19: a systematic literature review comparing different training methodologies,Scand J Trauma Resusc Emerg Med,2021-03-29
Impact of COVID-19 lockdown in patients with implantable cardioverter and cardiac resynchronization therapy defibrillators: insights from daily remote monitoring transmissions,Heart Vessels,2021-03-29
"FRET-based dynamic structural biology: Challenges, perspectives and an appeal for open-science practices",,2021-03-29
Assessing the willingness of community pharmacists to test–treat–immunize during the COVID-19 pandemic in Puerto Rico,J Pharm Health Serv Res,2021-03-27
Transcriptome and lipidome profile of human mesenchymal stem cells with reduced senescence and increased trilineage differentiation ability upon drug treatment,Aging (Albany NY),2021-03-26
Combined effect of Controlling Nutritional Status and Acute Kidney Injury on severe COVID-19 short-term outcomes,,2021-03-26
Possible favorable lifestyle changes owing to the coronavirus disease 2019 (COVID-19) pandemic among middle-aged Japanese women: An ancillary survey of the TRF-Japan study using the original “Taberhythm” smartphone app,PLoS One,2021-03-25
Next-Generation Influenza HA Immunogens and Adjuvants in Pursuit of a Broadly Protective Vaccine,Viruses,2021-03-24
E484K as an innovative phylogenetic event for viral evolution: Genomic analysis of the E484K spike mutation in SARS-CoV-2 lineages from Brazil,bioRxiv,2021-03-24
GOECP/SEOR radiotherapy guidelines for small-cell lung cancer,World J Clin Oncol,2021-03-24
"Adults, but not preschoolers or toddlers integrate situational constraints in their action anticipations: a developmental study on the flexibility of anticipatory gaze.",Cognitive processing,2021-03-24
"An mRNA vaccine against SARS-CoV-2: Lyophilized, liposome-based vaccine candidate EG-COVID induces high levels of virus neutralizing antibodies",bioRxiv,2021-03-24
Higher heparin dosages reduce thromboembolic complications in patients with COVID-19 pneumonia.,Journal of investigative medicine : the official publication of the American Federation for Clinical Research,2021-03-23
Predicting Hosts Based on Early SARS-CoV-2 Samples and Analyzing Later World-wide Pandemic in 2020,bioRxiv,2021-03-22
Identification and Ranking of Core Values in Family Medicine: A Mixed Methods Study From Ukraine,Front Med (Lausanne),2021-03-22
Inflammatory Markers are Quickly Improved by Tocilizumab in Early Polymyalgia Rheumatica and Might Predict Early Response to Interleukin-6 Blockade,Rheumatol Ther,2021-03-21
Respiratory and Cardiovascular Health Effects of E-Cigarette Substitution: Protocol for Two Living Systematic Reviews,,2021-03-20
Safety and protection in endoscopic services during phase II of COVID-19 pandemic: a national survey,Eur J Gastroenterol Hepatol,2021-03-19
"Validation of the FCV-19 Scale and Assessment of Fear of COVID-19 in the Population of Mozambique, East Africa",Psychol Res Behav Manag,2021-03-19
Rats in the city: implications for zoonotic disease risk in an urbanizing world,bioRxiv,2021-03-19
Improving Reporting of Clinical Studies Using the POSEIDON Criteria: POSORT Guidelines,Front Endocrinol (Lausanne),2021-03-19
Deep Learning in Medical Applications: Lesion Segmentation in Skin Cancer Images Using Modified and Improved Encoder-Decoder Architecture,Geometry and Vision,2021-03-18
FaceHub: Facial Recognition Data Management in Blockchain,Blockchain Technology for IoT Applications,2021-03-17
The 25th Anniversary of Laser Vision Correction in the United States,Clin Ophthalmol,2021-03-17
Changes in Stress and Workplace Shortages Reported by U.S. Critical Care Physicians Treating Coronavirus Disease 2019 Patients.,Critical care medicine,2021-03-17
Meet the Future Leaders in the Field of Host-Microbe Interactions,Infect Immun,2021-03-17
Efficacy of Face Masks Used in Uganda: A Laboratory-Based Inquiry during the COVID-19 Pandemic,Am J Trop Med Hyg,2021-03-16
One-step vapor deposition of fluorinated polycationic coating to fabricate antifouling and anti-infective textile against drug-resistant bacteria and viruses,Chem Eng J,2021-03-16
Genomic characterization and phylogenetic analysis of the first SARS-CoV-2 variants introduced in Lebanon,PeerJ,2021-03-16
133 Incidence of Imaging Confirmed Stroke and Thrombotic Events in Older Adults with Severe COVID-19 Infection,Age Ageing,2021-03-16
The Relevance of Bioinformatics Applications in the Discovery of Vaccine Candidates and Potential Drugs for COVID-19 Treatment,Bioinform Biol Insights,2021-03-15
Impact of wind speed and air pollution on COVID-19 transmission in Pakistan,Int J Environ Sci Technol (Tehran),2021-03-13
Nusinersen Wearing-Off in Adult 5q-Spinal Muscular Atrophy Patients,Brain Sci,2021-03-13
Training Networks of Local Health Departments: A Regional Assessment.,Journal of public health management and practice : JPHMP,2021-03-12
A Review of Patient Satisfaction and Experience with Telemedicine: A Virtual Solution During and Beyond COVID-19 Pandemic.,Telemedicine journal and e-health : the official journal of the American Telemedicine Association,2021-03-12
An Overview on the Development of mRNA-Based Vaccines and Their Formulation Strategies for Improved Antigen Expression In Vivo,Vaccines (Basel),2021-03-11
Ventilated Patients With COVID-19 Show Airflow Obstruction,J Intensive Care Med,2021-03-11
How will COVID-19 transform global health post-pandemic? Defining research and investment opportunities and priorities,PLoS Med,2021-03-11
Vaccinations in multiple sclerosis patients receiving disease-modifying drugs.,Current opinion in neurology,2021-03-11
"A randomized controlled trial comparing nociception level (NOL) index, blood pressure, and heart rate responses to direct laryngoscopy versus videolaryngoscopy for intubation: the NOLint project.",Canadian journal of anaesthesia = Journal canadien d'anesthesie,2021-03-11
Attitudes toward overtime work and self-training: A survey on obstetricians and gynecologists in Japan.,The journal of obstetrics and gynaecology research,2021-03-10
Digital-Health-Highlights 2020: Digitalisierung im Jahr der Pandemie,Kardiologe,2021-03-10
Effects of Virtual Reality-Based Therapy on Quality of Life of Patients with Subacute Stroke: A Three-Month Follow-Up Randomized Controlled Trial,Int J Environ Res Public Health,2021-03-10
Value assessment frameworks: who is valuing the care in healthcare?,Journal of medical ethics,2021-03-09
Sustainability: Delivering Agility's Promise,,2021-03-09
Antioxidant effect of Elamipretide on bull's sperm cells during freezing/thawing process.,Andrology,2021-03-06
COVID-19 Racial Discrimination and Depressive Symptoms among Asians Americans: Does Communication about the Incident Matter?,J Immigr Minor Health,2021-03-06
Epidemiology of COVID-19 and public health restrictions during the first wave of the pandemic in Ireland in 2020,J Public Health (Oxf),2021-03-05
Being Your Best: protocol for a feasibility study of a codesigned approach to reduce symptoms of frailty in people aged 65 years or more after transition from hospital,BMJ Open,2021-03-05
Individual differences and changes in lifestyle behaviours predict decreased subjective well-being during COVID-19 restrictions in an Australian sample,J Public Health (Oxf),2021-03-04
Years of Life Lost Associated with COVID-19 Deaths in the United States During the First Year of the Pandemic,,2021-03-03
"Antibody (IgA, IgG, and IgG Subtype) Responses to SARS-CoV-2 in Severe and Nonsevere COVID-19 Patients.",Viral immunology,2021-03-03
Determination of field capacity in the Chibunga and Guano rivers micro-basins,F1000Res,2021-03-03
Epithelial response to IFN‐γ promotes SARS‐CoV‐2 infection,EMBO Mol Med,2021-03-03
"The Magnitude of Hematological Abnormalities Among COVID-19 Patients in Addis Ababa, Ethiopia",J Multidiscip Healthc,2021-03-02
Aerosol generation with various approaches to oxygenation in healthy volunteers in the emergency department,J Am Coll Emerg Physicians Open,2021-03-02
Task-Adaptive Neural Network Search with Meta-Contrastive Learning,,2021-03-02
Split Bregman iteration for multi-period mean variance portfolio optimization,Appl Math Comput,2021-03-01
Network Traffic Classification by Program Synthesis,Tools and Algorithms for the Construction and Analysis of Systems,2021-03-01
A nurse staffing model for an unprecedented event.,Nursing management,2021-03-01
Prevalence of overweight/obesity and its associated factors among a sample of Moroccan type 2 diabetes patients.,African health sciences,2021-03-01
Condition Sensing for Electricity Infrastructure in Disasters by Mining Public Topics from Social Media,,2021-03-01
Finnish sauna and COVID-19.,Le infezioni in medicina,2021-03-01
Trends in healthcare utilisation for firearm-related injuries among a cohort of publicly insured children in Ohio.,Journal of epidemiology and community health,2021-02-26
Myocardial injury in hospitalized patients with COVID-19 infection—Risk factors and outcomes,PLoS One,2021-02-26
The impact of COVID-19 on acute urinary stone presentations: a single-centre experience,Ir J Med Sci,2021-02-25
A geospatiotemporal and causal inference epidemiological exploration of substance and cannabinoid exposure as drivers of rising US pediatric cancer rates,BMC Cancer,2021-02-25
BNT162b2 mRNA Covid-19 Vaccine in a Nationwide Mass Vaccination Setting,N Engl J Med,2021-02-24
"Consumers’ luxury restaurant reservation session abandonment behavior during the COVID-19 pandemic: The influence of luxury restaurant attachment, emotional ambivalence, and luxury consumption goals",Int J Hosp Manag,2021-02-24
"Excess Winter Mortality (EWM) as a Dynamic Forensic Tool: Where, When, Which Conditions, Gender, Ethnicity and Age",Int J Environ Res Public Health,2021-02-23
Modeling the evolution of SARS-CoV-2 under non-pharmaceutical interventions,,2021-02-23
Self-testing for the detection of SARS-CoV-2 infection with rapid antigen tests.,,2021-02-23
"Analysis of Body Perception, Preworkout Meal Habits and Bone Resorption in Child Gymnasts",Int J Environ Res Public Health,2021-02-23
Patient Safety during ECMO Transportation: Single Center Experience and Literature Review,Emerg Med Int,2021-02-22
Cross-Country Differences in Stay-at-Home Behaviors during Peaks in the COVID-19 Pandemic in China and the United States: The Roles of Health Beliefs and Behavioral Intention,Int J Environ Res Public Health,2021-02-21
Humanitarian Surgical Missions in Times of COVID-19: Recommendations to Safely Return to a Sub-Saharan Africa Low-Resource Setting,World J Surg,2021-02-20
Recommendations for the management of breast cancer patients during the COVID-19 pandemic from the Japan Breast Cancer Society,Breast Cancer,2021-02-20
Prediction of Mortality in hospitalized COVID-19 patients in a statewide health network,medRxiv,2021-02-19
Lactoferrin affects rhinovirus B-14 entry into H1-HeLa cells,Arch Virol,2021-02-19
"Influenza and Respiratory Virus Surveillance, Vaccine Uptake, and Effectiveness at a Time of Cocirculating COVID-19: Protocol for the English Primary Care Sentinel System for 2020-2021",JMIR Public Health Surveill,2021-02-19
A hover view over effectual approaches on pandemic management for sustainable cities – The endowment of prospective technologies with revitalization strategies,Sustain Cities Soc,2021-02-19
Transforming waste polypropylene face masks into S-doped porous carbon as the cathode electrode for supercapacitors,Ionics (Kiel),2021-02-18
Metformin turns 62 in Pharmacotherapy: emergence of non-glycaemic effects and potential novel Therapeutic applications.,European journal of pharmacology,2021-02-17
The efficacy and safety of Favipiravir in treatment of COVID-19: A systematic review and meta-analysis of clinical trials,,2021-02-17
On the Threshold of Release of Confinement in an Epidemic SEIR Model Taking into Account the Protective Effect of Mask,Bull Math Biol,2021-02-17
Detection of EGFR Activating and Resistance Mutations by Droplet Digital PCR in Sputum of EGFR-Mutated NSCLC Patients,Clin Med Insights Oncol,2021-02-17
Modelling trachoma post-2020: opportunities for mitigating the impact of COVID-19 and accelerating progress towards elimination,Trans R Soc Trop Med Hyg,2021-02-17
Receptors modulation on the ocular surface: A novel insight into the ocular infection and disease transmission of SARS‐COV‐2,J Med Virol,2021-02-16
Myocarditis in COVID-19 presenting with cardiogenic shock: a case series,Eur Heart J Case Rep,2021-02-16
What is associated with the increased frequency of heavy episodic drinking during the COVID-19 pandemic? Data from the PAHO regional web-based survey.,Drug and alcohol dependence,2021-02-16
Glycemic fluctuations caused by COVID-19: results from continuous glucose monitoring,Obes Med,2021-02-16
Use of telehealth mental health services during the COVID-19 pandemic.,Australian health review : a publication of the Australian Hospital Association,2021-02-15
A Cellulose Paper-Based Fluorescent Lateral Flow Immunoassay for the Quantitative Detection of Cardiac Troponin I,Biosensors (Basel),2021-02-14
Top problems of adolescents and young adults with ADHD during the COVID-19 pandemic,J Psychiatr Res,2021-02-14
Towards reliable and transparent vaccine phase III trials with smart contracts,,2021-02-13
"Ecological correlates of chimpanzee (Pan troglodytes schweinfurthii) density in Mahale Mountains National Park, Tanzania",PLoS One,2021-02-12
Transmission of infection among health care personnel performing surgical tracheostomies on COVID-19 patients,Surgeon,2021-02-12
The effect of a micro-visual intervention on the accelerated recovery of patients with kinesiophobia after total knee replacement during neo-coronary pneumonia,Medicine (Baltimore),2021-02-12
Implementation of patient-reported outcome measures and patient-reported experience measures in melanoma clinical quality registries: a systematic review.,BMJ open,2021-02-11
Use of hydroxychloroquine and chloroquine in patients with COVID-19: a meta-analysis of randomized clinical trials,Pathogens and global health,2021-02-11
Telemedicine in clinical gastroenterology practice: what do patients prefer?,Therap Adv Gastroenterol,2021-02-11
Are Smoke and Aerosols Generated During Laparoscopic Surgery a Biohazard? A Systematic Evidence-Based Review.,Surgical innovation,2021-02-11
Flattening the curve is flattening the complexity of covid-19,Hist Philos Life Sci,2021-02-10
Analytical evaluation and critical appraisal of early commercial SARS-CoV-2 immunoassays for routine use in a diagnostic laboratory,British journal of biomedical science,2021-02-10
"The effect of respiratory activity, ventilatory therapy and facemasks on total aerosol emissions",,2021-02-09
Preventing Clinician Suicide: A Call to Action During the COVID-19 Pandemic and Beyond.,Academic medicine : journal of the Association of American Medical Colleges,2021-02-09
"Forecasting the dynamics of cumulative COVID-19 cases (confirmed, recovered and deaths) for top-16 countries using statistical machine learning models: Auto-Regressive Integrated Moving Average (ARIMA) and Seasonal Auto-Regressive Integrated Moving Average (SARIMA)",Appl Soft Comput,2021-02-08
Consequences of coronavirus disease-2019 (COVID-19) lockdown on infection-related hospitalizations among the pediatric population in Denmark,Eur J Pediatr,2021-02-08
Immune cell residency in the nasal mucosa and COVID-19 severity across the age range,,2021-02-08
Determinants of Consumers’ Online/Offline Shopping Behaviours during the COVID-19 Pandemic,Int J Environ Res Public Health,2021-02-08
SARS-CoV-2 and indoor/outdoor air samples: a methodological approach to have consistent and comparable results,Environ Res,2021-02-06
"Spatiotemporal characteristics and factor analysis of SARS-CoV-2 infections among healthcare workers in Wuhan, China",J Hosp Infect,2021-02-06
Global Evidence on the Determinants of Public Trust in Governments during the COVID-19,Appl Res Qual Life,2021-02-05
Stakeholder sentiment in service supply chains: big data meets agenda-setting theory,Serv Bus,2021-02-05
Diversity and inclusion activities in Belle II,,2021-02-05
"A cross-sectional survey of knowledge, attitude and practice (KAP) towards COVID-19 pandemic among the Syrian residents",BMC Public Health,2021-02-05
Bipartisan politics and poverty as a risk factor for contagion and mortality from SARS-CoV-2 virus in the United States of America,,2021-02-04
What is the intermediate host species of SARS-CoV-2?,Future Virology,2021-02-04
Improving adult coping with social isolation during COVID‐19 in the community through nurse‐led patient‐centered telehealth teaching and listening interventions,Nurs Forum,2021-02-03
Effects of Morphine and Fentanyl on Patients with COVID-19,Tanaffos,2021-02-03
"Impact of climatic, demographic and disease control factors on the transmission dynamics of COVID-19 in large cities worldwide",One Health,2021-02-03
Delayed onset of fatal encephalitis in a COVID-19 positive patient.,The International journal of neuroscience,2021-02-03
Debriefing in der Kindernotfallversorgung: Grundlage für die Verbesserung der Patientenversorgung,Notf Rett Med,2021-02-02
"Integrated Healthcare Systems Response Strategies Based on the Luohu Model During the COVID-19 Epidemic in Shenzhen, China",International journal of integrated care,2021-02-02
Anomalous influenza seasonality in the United States and the emergence of novel influenza B viruses.,Proceedings of the National Academy of Sciences of the United States of America,2021-02-02
Neurosyphilis and the Jarisch-Herxheimer Reaction: A Therapy Concern with HIV Disease.,Dermatologic therapy,2021-02-01
Diffusion of Innovations-Informed Knowledge Translation Strategy to Implement Optimal Safe Nursing Workforce Policy in Practice,Florence Nightingale J Nurs,2021-02-01
Public Attitudes About COVID-19 in Response to President Trump's Social Media Posts,JAMA Netw Open,2021-02-01
Digital Health in Physicians' and Pharmacists' Office: A Comparative Study of e-Prescription Systems' Architecture and Digital Security in Eight Countries,OMICS,2021-02-01
"Importance of meteorology in air pollution events during the city lockdown for COVID-19 in Hubei Province, Central China",Sci Total Environ,2021-02-01
Clinical Characteristics of COVID-19 Patients with Gastrointestinal Symptoms.,Archives of Iranian medicine,2021-02-01
Optimal Lockdown Policy for Covid-19: A Modelling Study,,2021-01-31
Preparing dental schools to refunction safely during the COVID-19 pandemic: an infection prevention and control perspective.,Journal of infection in developing countries,2021-01-31
Harnessing machine learning for development of microbiome therapeutics,Gut microbes,2021-01-30
Development and external validation of prognostic models for COVID-19 to support risk stratification in secondary care,,2021-01-30
COVID-19 pandemic—Environmental perspective of COVID-19 and a primer for all of us,J Family Med Prim Care,2021-01-30
Are history of dietary intake and food habits of patients with clinical symptoms of COVID 19 different from healthy controls? A case-control study,Clin Nutr ESPEN,2021-01-29
The World Mortality Dataset: Tracking excess mortality across countries during the COVID-19 pandemic,medRxiv,2021-01-29
Hypoalbuminemia on admission in COVID-19: an early predictor of mortality and adverse events. A retrospective observational study,Med Clin (Barc),2021-01-28
Naloxone induced pulmonary edema,Journal of community hospital internal medicine perspectives,2021-01-26
Transatlantic Trade Dispute: Solution for Airbus-Boeing Under Biden?,Inter Econ,2021-01-26
"COVID-19 Pandemic and Its Impact on Pediatric Dentistry in Austria: Knowledge, Perception and Attitude Among Pediatric Dentists in a Cross-Sectional Survey",J Multidiscip Healthc,2021-01-26
Anxiety levels in patients admitted to the emergency department with myocardial infarction or COVID-19 pneumonia.,"Psychology, health & medicine",2021-01-25
The determinants of bootstrap financing in crises: evidence from entrepreneurial ventures in the COVID-19 pandemic,Small Bus Econ,2021-01-25
Multicenter evaluation of molecular point-of-care testing and digital immunoassays for influenza virus A/B and respiratory syncytial virus in patients with influenza-like illness.,Journal of infection and chemotherapy : official journal of the Japan Society of Chemotherapy,2021-01-25
OUTCOMES AFTER VASCULAR SURGERY PROCEDURES IN PATIENTS WITH COVID-19 INFECTION: A NATIONAL MULTICENTRE COHORT STUDY (COVID-VAS),Ann Vasc Surg,2021-01-22
COVID-19 Surveillance Data: A Primer for Epidemiology and Data Science.,American journal of public health,2021-01-21
New concepts in pediatric rhinitis.,Pediatric allergy and immunology : official publication of the European Society of Pediatric Allergy and Immunology,2021-01-21
"Tianeptine, but not fluoxetine, decreases avoidant behavior in a mouse model of early developmental exposure to fluoxetine",bioRxiv,2021-01-20
Immune Markers Are Associated with Cognitive Performance in a Multiethnic Cohort: the Northern Manhattan Study,,2021-01-20
"Environmental effects of stratospheric ozone depletion, UV radiation, and interactions with climate change: UNEP Environmental Effects Assessment Panel, Update 2020",Photochem Photobiol Sci,2021-01-20
Patient attitudes towards prenatal diagnostic testing during antenatal care in an urban population.,Prenatal diagnosis,2021-01-20
SARS-CoV-2: its potential neurological manifestations and plausible mechanism: a review article,Acta Neurol Belg,2021-01-19
"PERFORMANCE OF TWO RAPID POINT OF CARE SARS-COV-2 ANTIBODY ASSAYS AGAINST LABORATORY-BASED AUTOMATED CHEMILUMINESCENT IMMUNOASSAYS FOR SARS-COV-2 IG-G, IG-M AND TOTAL ANTIBODIES",Pract Lab Med,2021-01-19
"Feasibility and validation of a web-based platform for the self-administered patient collection of demographics, health status, anxiety, depression, and cognition in community dwelling elderly",PLoS One,2021-01-19
The impact of COVID‐19 on the management of heart failure: a United Kingdom patient questionnaire study,ESC Heart Fail,2021-01-18
Smoking prevalence among hospitalized COVID-19 patients and its association with disease severity and mortality: an expanded re-analysis of a recent publication,Harm Reduct J,2021-01-16
Asynchronous Distance Learning of the National Institutes of Health Stroke Scale During the COVID-19 Pandemic (E-Learning vs Video): Randomized Controlled Trial,J Med Internet Res,2021-01-15
The stochastic evolution of a rumor spreading model with two distinct spread inhibiting and attitude adjusting mechanisms in a homogeneous social network,Physica A,2021-01-15
Generalized Fej\'er-Hermite-Hadamard type via generalized $(h-m)$-convexity on fractal sets and applications,,2021-01-15
Optimal control of the SIR model in the presence of transmission and treatment uncertainty,Math Biosci,2021-01-15
Natural agents modulating ACE-2: A review of compounds with potential against SARS-CoV-2 infections.,Current pharmaceutical design,2021-01-14
"Olanzapine for the prophylaxis and rescue of chemotherapy-induced nausea and vomiting: a systematic review, meta-analysis, cumulative meta-analysis and fragility assessment of the literature",Support Care Cancer,2021-01-13
[Advances in gastroenterology and hepatology 2020].,Revue medicale suisse,2021-01-13
CONservative TReatment of Appendicitis in Children: a randomised controlled feasibility Trial (CONTRACT),Arch Dis Child,2021-01-13
Using COVID-19 Mortality to Select Among Hospital Plant Capacity Models: An Exploratory Empirical Application to Hubei Province,Technol Forecast Soc Change,2021-01-12
Mapping the Landscape of COVID-19 Crisis Visualizations,CHI Conference on Human Factors in Computing Systems,2021-01-12
A stochastic geospatial epidemic model and simulation using an event modulated Gillespie algorithm,,2021-01-11
"Takotsubo Syndrome a Rare Entity in COVID-19: a Systemic Review—Focus on Biomarkers, Imaging, Treatment, and Outcome",SN Compr Clin Med,2021-01-11
Accurate Covid-19 prevalence measurement in the field,,2021-01-11
The association between serum homocysteine and depression: a systematic review and meta-analysis of observational studies.,European journal of clinical investigation,2021-01-10
Thermodynamic imaging calculation model on COVID-19 transmission and epidemic cities risk level assessment—data from Hubei in China,Pers Ubiquitous Comput,2021-01-09
An outbreak of carbapenem-resistant Acinetobacter baumannii in a COVID-19 dedicated hospital,Infection prevention in practice,2021-01-09
"Fractional model of COVID-19 applied to Galicia, Spain and Portugal",Chaos Solitons Fractals,2021-01-09
#Covid-19: An exploratory investigation of hashtag usage on Twitter.,Health policy,2021-01-09
Comparative research on nucleocapsid and spike glycoprotein as the rapid immunodetection targets of COVID-19 and establishment of immunoassay strips,Mol Immunol,2021-01-09
Investigating the relationship between occupation and SARS-CoV2.,Work,2021-01-08
Kann die Ketoacidose bei pädiatrischen Patienten mit Manifestation eines Diabetes mellitus Typ 1 vermieden werden? Lehren aus der COVID-19-Pandemie,Monatsschr Kinderheilkd,2021-01-08
Improvements in Gene Editing Technology Boost Its Applications in Livestock,Front Genet,2021-01-08
Is COVID-19 a high risk factor for lung cancer?: A protocol for systematic review and meta-analysis,Medicine (Baltimore),2021-01-08
Mentoring New and Early-Stage Investigators and Underrepresented Minority Faculty for Research Success in Health-Related Fields: An Integrative Literature Review (2010–2020),Int J Environ Res Public Health,2021-01-07
The dynamics of gender and alternatives in negotiation.,The Journal of applied psychology,2021-01-07
"Chemical Composition, Fatty Acid Profile and Sensory Characteristics of Chanco-Style Cheese from Early Lactation Dairy Cows Fed Winter Brassica Crops",Animals (Basel),2021-01-07
Statins as an adjunctive therapy for COVID-19: the biological and clinical plausibility.,Immunopharmacology and immunotoxicology,2021-01-06
A Novel Machine Learning Framework for Comparison of Viral COVID-19–Related Sina Weibo and Twitter Posts: Workflow Development and Content Analysis,J Med Internet Res,2021-01-06
Cycle threshold values versus reverse transcription-polymerase chain reaction positivity in COVID-19 de-isolation,Indian J Med Microbiol,2021-01-05
Integrity Fees in Sports Betting Markets,East Econ J,2021-01-04
"Recombinant human C1 esterase inhibitor (conestat alfa) in the prevention of severe SARS-CoV-2 infection in hospitalized patients with COVID-19: A structured summary of a study protocol for a randomized, parallel-group, open-label, multi-center pilot trial (PROTECT-COVID-19)",Trials,2021-01-04
Chatbot to Simplify Customer Interaction in e-Commerce Channels of Retail Companies,Information Technology and Systems,2021-01-04
"Between BRICs’ Promise and Past Western Trauma: Whither, Africa?",Explaining Foreign Policy in Post-Colonial Africa,2021-01-03
"Moral Stories: Situated Reasoning about Norms, Intents, Actions, and their Consequences",,2020-12-31
A Comparative Study of Dimensional Tolerancing Capabilities and Microstructure Formation between Binder Jet Additively Manufactured Sand Molds and Olivine Green Sand Molds for Metalcasting of A356.0,Procedia Manufacturing,2020-12-31
Impact of COVID-19 pandemic in Spanish Nephrology Servicesservices impact of the pandemic on COVID-19 Spanish Nephrology Services,Nefrología (English Edition),2020-12-31
1538. Pilot Study of Self-collected Pharyngeal Testing for Chlamydia and Gonorrhea in the Setting of COVID19 Restrictions,Open Forum Infect Dis,2020-12-31
Medical certification of cause of death during COVID-19 pandemic – a challenging scenario,J Family Med Prim Care,2020-12-31
Experimental investigation on the effect of crystal orientation of diamond tooling on micro laser assisted diamond turning of zinc sulfide,Procedia Manufacturing,2020-12-31
Cracking the Chloroquine Conundrum: The Application of Defective UiO-66 Metal–Organic Framework Materials to Prevent the Onset of Heart Defects—In Vivo and In Vitro,ACS Appl Mater Interfaces,2020-12-30
"Exploiting the Amazing Diversity of Natural Source-Derived Polysaccharides: Modern Procedures of Isolation, Engineering, and Optimization of Antiviral Activities",Polymers (Basel),2020-12-30
Hands free adjustment of the Microscope in Microneurosurgery.,World neurosurgery,2020-12-29
Conceptual design of a health suit to prevent COVID‐19 and similar type other airborne virus infections,Med Devices Sens,2020-12-29
Complement Inhibition in Severe COVID-19 Acute Respiratory Distress Syndrome,Front Pediatr,2020-12-29
The COVID-19 pandemic: pathologist’s support to clinical infectious team,Int J Infect Dis,2020-12-28
Evaluation of the 2020 EAN Virtual Congress: transition from a face-to-face to a virtual meeting.,European journal of neurology,2020-12-28
Metabolic ROS Signaling: To Immunity and Beyond,Biochemistry (Mosc),2020-12-28
A bird eye view on cystic fibrosis: An underestimated multifaceted chronic disorder.,Life sciences,2020-12-28
A systematic review on treatment‐related mucocutaneous reactions in COVID‐19 patients,Dermatol Ther,2020-12-26
Outcomes of orthopaedic trauma patients undergoing surgery during the peak period of COVID-19 infection at a UK major trauma centre,Surgeon,2020-12-25
"Levels and predictors of depression, anxiety, and suicidal risk during COVID-19 pandemic in Argentina: the impacts of quarantine extensions on mental health state.","Psychology, health & medicine",2020-12-24
Epidemic spreading,,2020-12-24
"Alteration of Smell and Taste in Asymptomatic and Symptomatic COVID-19 Patients in Sicily, Italy.","Ear, nose, & throat journal",2020-12-22
A Rasch Analysis of the School-Related Well-Being (SRW) Scale: Measuring Well-Being in the Transition from Primary to Secondary School,Int J Environ Res Public Health,2020-12-22
"As Pandemic Continues, Screening Concerns Grow.",Cancer discovery,2020-12-22
Messages to Increase COVID-19 Knowledge in Communities of Color: What Matters Most?,Ann Intern Med,2020-12-21
"Building a Resilient, Sustainable, and Healthier Food Supply through Innovation and Technology.",Annual review of food science and technology,2020-12-21
The Postdigital University: Do We Still Need Just a Little of That Human Touch?,Postdigit Sci Educ,2020-12-21
Pandemic Grief Scale: A screening tool for dysfunctional grief due to a COVID-19 loss.,Death studies,2020-12-21
T-GAP: Learning to Walk across Time for Temporal Knowledge Graph Completion,,2020-12-19
Assessing Global Covid-19 Cases Data through Compositional Data Analysis(CoDa),,2020-12-19
Cerebrospinal fluid Ab42 and fractalkine are associated with Parkinson's disease with freezing of gait,,2020-12-18
Risks of ventilator-associated pneumonia and invasive pulmonary aspergillosis in patients with viral acute respiratory distress syndrome related or not to Coronavirus 19 disease,Crit Care,2020-12-18
"Estimating the burden of nosocomial exposure to tuberculosis in South Korea, a nationwide population based cross-sectional study",Korean J Intern Med,2020-12-18
Occurrence of Respiratory Viruses on School Desks.,American journal of infection control,2020-12-18
Is the BCG vaccine a useful tool against COVID-19?,Clin Dermatol,2020-12-16
"Spatiotemporal Characteristics and Factor Analysis of SARS-CoV-2 Infections among Healthcare Workers in Wuhan, China",,2020-12-16
"COVID-19: The experience from Beijing, China",Clin Dermatol,2020-12-15
Artificial Intelligence Enabled Reagent-free Imaging Hematology Analyzer,,2020-12-15
Medical Education in Nepal: Impact and Challenges of the COVID-19 Pandemic.,Academic medicine : journal of the Association of American Medical Colleges,2020-12-15
Prevalence of Occupation Associated with Increased Mobility During COVID-19 Pandemic,,2020-12-14
[Oncology Services for Patients with Head Neck Cancer during Corona-Times - Patients' Perspective].,Laryngo- rhino- otologie,2020-12-14
Tocilizumab in the treatment of critical COVID-19 pneumonia: A retrospective cohort study of mechanically ventilated patients,Int J Infect Dis,2020-12-14
"Grammar tests, de facto policy and pedagogical coercion in England’s primary schools",Lang Policy,2020-12-12
The Persians: a Civitas of Divine-Immanence,Presence and the Political,2020-12-12
Show Me the Money: Patients’ Perspectives on a Decision Aid for Sacubitril/Valsartan Addressing Out-of-Pocket Cost,Circ Cardiovasc Qual Outcomes,2020-12-11
"COVID-19 Infections Among Healthcare Personnel in the United States Veterans Health Administration, March - August, 2020.",Journal of occupational and environmental medicine,2020-12-11
Quels enseignements tirer de l’expérience de la pandémie de la COVID-19 dans l’accompagnement des patients chroniques ?,,2020-12-10
Cross-Priming Dendritic Cells Exacerbate Immunopathology After Ischemic Tissue Damage in the Heart,Circulation,2020-12-10
EBCOG position statement - Simulation-based training for obstetrics and gynaecology during the COVID-19 pandemic.,"European journal of obstetrics, gynecology, and reproductive biology",2020-12-09
Non-targeted Drugs for Cancer Therapy,Drug Allergy,2020-12-09
Temporal invariance of social-ecological catchments.,Ecological applications : a publication of the Ecological Society of America,2020-12-08
Seroconversion stages COVID19 into distinct pathophysiological states,medRxiv,2020-12-07
Dental Office Prevention of Coronavirus Infection,Eur J Dent,2020-12-07
At-home self-testing of teachers with a SARS-CoV-2 rapid antigen test to reduce potential transmissions in schools,,2020-12-07
Gerocovid 19 and implications for territorial management of old people affected with dementia: Developing topics,Alzheimers Dement,2020-12-07
Structural characterization of Nonstructural protein 1 from SARS-CoV-2,iScience,2020-12-07
Inpatient Hyperglycemia Management and COVID-19,Diabetes Ther,2020-12-05
Verifiable Proof of Health using Public Key Cryptography,,2020-12-04
"Correction to: Effect of PEEP decremental on respiratory mechanics, gas exchange, pulmonary regional ventilation, and hemodynamics in patients with SARS-Cov-2-associated Acute Respiratory Distress Syndrome",Crit Care,2020-12-04
Prophylactic intranasal administration of a TLR2/6 agonist reduces upper respiratory tract viral shedding in a SARS-CoV-2 challenge ferret model,EBioMedicine,2020-12-03
A deep facial recognition system using computational intelligent algorithms,PLoS One,2020-12-03
"Psychological Status Among Anesthesiologists and Operating Room Nurses During the Outbreak Period of COVID-19 in Wuhan, China",Front Psychiatry,2020-12-03
Exploring the potential value of satellite remote sensing to monitor chlorophyll-a for US lakes and reservoirs,Environ Monit Assess,2020-12-02
Homeschooling for Quarantined Residents: A Virtual Back to the Basics Curriculum,Cureus,2020-12-01
Modeling of Internal and External Factors affecting a Complex Dengue Network,bioRxiv,2020-12-01
Feeding Students During COVID-19-Related School Closures: A Nationwide Assessment of Initial Responses.,Journal of nutrition education and behavior,2020-12-01
GermiX: A skin friendly hand sanitizer with prolonged effectivity against pathogenic bacteria,AMB Express,2020-12-01
"Targeting the coronavirus SARS-CoV-2: computational insights into the mechanism of action of the protease inhibitors lopinavir, ritonavir and nelfinavir",Sci Rep,2020-12-01
Uncertainty Management and Curve Flattening Behaviors in the Wake of COVID-19's First Wave.,Health communication,2020-12-01
Heterogeneous groups of alveolar type II cells in lung homeostasis and repair,Am J Physiol Cell Physiol,2020-12-01
Impact of the COVID-19 pandemic on specialty community practices: an oncology perspective.,The American journal of managed care,2020-12-01
An Executive Strategy to Support Long-Term Clinician Engagement Amid the COVID-19 Pandemic.,The Journal of nursing administration,2020-12-01
Ifit2 deficiency restricts microglial activation and leukocyte migration following murine coronavirus (m-CoV) CNS infection,PLoS Pathog,2020-11-30
Tupaia guanylate-binding protein 1 interacts with vesicular stomatitis virus phosphoprotein and represses primary transcription of the viral genome.,Cytokine,2020-11-30
The Digitized Ecosystem of Tourism in Europe: Current Trends and Implications,Information and Communication Technologies in Tourism 2021,2020-11-28
Making sense of rapid antigen testing in severe acute respiratory syndrome coronavirus 2 (SARS-CoV-2) diagnostics.,Diagnosis,2020-11-26
"ODT Flow Explorer: Extract, Query, and Visualize Human Mobility",,2020-11-26
COVID-19 Effect on Access to Maternal Health Services in Kenya,Front Glob Womens Health,2020-11-26
Gender equality in academic publishing: action from the BJPsych.,The British journal of psychiatry : the journal of mental science,2020-11-25
"Fear, lockdown, and diversion: Comparing drivers of pandemic economic decline 2020()",J Public Econ,2020-11-25
Neutralizing monoclonal antibodies for COVID-19 treatment and prevention,Biomed J,2020-11-25
Novel expandable architected breathing tube for improving airway securement in emergency care.,Journal of the mechanical behavior of biomedical materials,2020-11-24
"Digital consultations in Swedish primary health care: a qualitative study of physicians’ job control, demand and support",BMC Fam Pract,2020-11-24
Frequent neurocognitive deficits after recovery from mild COVID-19,Brain Commun,2020-11-23
Safety of hydroxychloroquine and darunavir or lopinavir in COVID-19 infection,J Antimicrob Chemother,2020-11-21
The Structure and the Outcome of Telephone-Based Cardiac Consultations During Lockdown: A Lesson From COVID-19,Cureus,2020-11-20
Targeted Self Supervision for Classification on a Small COVID-19 CT Scan Dataset,,2020-11-20
Predictors of poor mental health among nurses during COVID‐19 pandemic,Nurs Open,2020-11-20
The Europe second wave of COVID-19 infection and the Italy “strange” situation,Environ Res,2020-11-19
Understanding the temporal evolution of COVID-19 research through machine learning and natural language processing,Scientometrics,2020-11-19
"Synergism of TNF-α and IFN-γ triggers inflammatory cell death, tissue damage, and mortality in SARS-CoV-2 infection and cytokine shock syndromes",Cell,2020-11-19
COVID-19 in patients with multiple sclerosis undergoing disease-modifying treatments.,Multiple sclerosis,2020-11-18
Stromal vapors for real-time molecular guidance of breast-conserving surgery.,Scientific reports,2020-11-18
Adjusting working conditions and evaluating the risk of infection during the COVID-19 pandemic in different workplace settings in Germany: a study protocol for an explorative modular mixed methods approach,BMJ Open,2020-11-18
Two BSHS online alternatives to conventional conferences.,British journal for the history of science,2020-11-18
Subjective Smell Assessment as An Office-based Rapid Procedure In COVID-19 Era,J Craniofac Surg,2020-11-17
Association between frailty and changes in lifestyle and physical or psychological conditions among older adults affected by the coronavirus disease 2019 countermeasures in Japan,Geriatr Gerontol Int,2020-11-17
The Impact of Diabetes Mellitus in COVID-19: A Mechanistic Review of Molecular Interactions,J Diabetes Res,2020-11-17
"Consensus Document of the Spanish Society of Intensive and Critical Care Medicine and Coronary Units (SEMICYUC), the Spanish Society of Otorhinolaryngology and Head and Neck Surgery (SEORL-CCC) and the Spanish Society of Anesthesiology and Resuscitation (SEDAR) on Tracheotomy in Patients With COVID-19 Infection()()",,2020-11-16
"Impact of the COVID-19 Pandemic on Invasive Pneumococcal Disease and Risk of Pneumococcal Coinfection with SARS-CoV-2: prospective national cohort study, England",Clin Infect Dis,2020-11-16
Acute myocardial infarction secondary to COVID-19 infection: A case report and review of the literature,Clin Imaging,2020-11-14
All-cause mortality supports the COVID-19 mortality in Belgium and comparison with major fatal events of the last century,Arch Public Health,2020-11-13
A computational analysis on Covid-19 transmission raises imuuno-epidemiology concerns.,,2020-11-13
Point-of-Decision Prompts Increase Dietary Fiber Content of Consumers’ Food Choices in an Online Grocery Shopping Simulation,Nutrients,2020-11-13
Analysis of the Risk Factors for Nosocomial Bacterial Infection in Patients with COVID-19 in a Tertiary Hospital,Risk Manag Healthc Policy,2020-11-13
"A novel, automated, quantification of abnormal lung parenchyma in patients with COVID-19 infection: Initial description of feasibility and association with clinical outcome",Anaesth Crit Care Pain Med,2020-11-13
Coagulopatía en la infección por el virus SARS-CoV-2 (COVID-19): De los mecanismos fisiopatológicos al diagnóstico y tratamiento,,2020-11-12
Social Distancing with Portable Chest Radiographs During the COVID-19 Pandemic: Assessment of Radiograph Technique and Image Quality Obtained at 6 Feet and Through Glass,Radiol Cardiothorac Imaging,2020-11-12
Dietary assessment methodology and reporting in Pacific Island research: a scoping review protocol.,JBI evidence synthesis,2020-11-12
Japanese Encephalitis Vaccines,Curr Treat Options Infect Dis,2020-11-12
Synthesis of novel coumarin analogues: Investigation of molecular docking interaction of SARS-CoV-2 proteins with natural and synthetic coumarin analogues and their pharmacokinetics studies,Saudi J Biol Sci,2020-11-12
Technology and implementation science to forge the future of evidence-based psychotherapies: the PRIDE scale-up study.,Evidence-based mental health,2020-11-11
"Biosynthesis, total synthesis, structural modifications, bioactivity, and mechanism of action of the quinone-methide triterpenoid celastrol.",Medicinal research reviews,2020-11-10
The Role of Host-Generated H(2)S in Microbial Pathogenesis: New Perspectives on Tuberculosis,Front Cell Infect Microbiol,2020-11-10
"Can natural selection and druggable targets synergize? Of nutrient scarcity, cancer, and the evolution of cooperation.","BioEssays : news and reviews in molecular, cellular and developmental biology",2020-11-09
What Triage Issues Reveal: Ethics in the COVID-19 Pandemic in Italy and France,J Bioeth Inq,2020-11-09
Improvements needed to support people living and working with a rare disease in Northern Ireland: current rare disease support perceived as inadequate,Orphanet J Rare Dis,2020-11-09
"Author Correction: In vitro virucidal activity of Echinaforce(®), an Echinacea purpurea preparation, against coronaviruses, including common cold coronavirus 229E and SARS-CoV-2",Virol J,2020-11-09
"Food preservation techniques and nanotechnology for increased shelf life of fruits, vegetables, beverages and spices: a review",Environ Chem Lett,2020-11-09
Restoring and maintaining robust maternity services in the COVID-19 era: a public health dilemma in Zimbabwe,Pan Afr Med J,2020-11-08
Evaluation of Scalability and Degree of Fine-Tuning of Deep Convolutional Neural Networks for COVID-19 Screening on Chest X-ray Images Using Explainable Deep-Learning Algorithm,J Pers Med,2020-11-07
A motivational standpoint of job insecurity effects on organizational citizenship behaviors: A generational study.,Scandinavian journal of psychology,2020-11-06
Managed Aquifer Recharge in the Gulf Countries: A Review and Selection Criteria,Arab J Sci Eng,2020-11-06
Treatment strategies for gastric cancer during the COVID-19 pandemic,World J Clin Cases,2020-11-06
SARS-CoV 2;Possible alternative virus receptors and pathophysiological determinants,Med Hypotheses,2020-11-06
Protocol for a prospective descriptive prevalence study of catatonia in an acute mental health unit in urban South Africa,BMJ Open,2020-11-06
Influenza virus infection augments susceptibility to respiratory Yersinia pestis exposure and impacts the efficacy of antiplague antibiotic treatments,Sci Rep,2020-11-05
Prospective Multicentric Observational Study of COVID19 in Oncohematological Patients in the Catalonia Region: The Opposite Effect of Steroids on Survival,Blood,2020-11-05
Insightful Valorization of the Biological Activities of Pani Heloch Leaves through Experimental and Computer-Aided Mechanisms,Molecules,2020-11-05
Syncytia formation by SARS‐CoV‐2‐infected cells,EMBO J,2020-11-04
Direct Quantification of in vivo Mutagenesis and Carcinogenesis Using Duplex Sequencing,bioRxiv,2020-11-03
"Rapid, simplified whole blood-based multiparameter assay to quantify and phenotype SARS-CoV-2 specific T cells",medRxiv : the preprint server for health sciences,2020-11-03
Metabolic Syndrome and COVID-19,Cardiol Res,2020-11-02
Ventilation/perfusion SPECT for the diagnosis of pulmonary embolism: A systematic review.,Journal of thrombosis and haemostasis : JTH,2020-11-01
Performance evaluation of the Simtomax CoronaCheck rapid diagnostic test,,2020-11-01
Impact of permissive hypercapnia on regional cerebral oxygen saturation and postoperative cognitive function in patients undergoing cardiac valve replacement.,Annals of palliative medicine,2020-11-01
"[Invasive liver abscess syndrome caused by Klebsiella pneumoniae, case series].",Revista chilena de infectologia : organo oficial de la Sociedad Chilena de Infectologia,2020-11-01
"Setting up hospital care provision to patients with COVID-19: lessons learnt at a 2400-bed academic tertiary center in São Paulo, Brazil",Braz J Infect Dis,2020-10-31
Decentralized electricity storage evaluation in the Portuguese context,The Electricity Journal,2020-10-31
Assessing COVID-19 vaccine literacy: a preliminary online survey,Human vaccines & immunotherapeutics,2020-10-29
Modeling the Opening SARS-CoV-2 Spike: an Investigation of its Dynamic Electro-Geometric Properties,bioRxiv,2020-10-29
"Severe acute respiratory coronavirus virus 2 (SARS-CoV-2) infection among hospital workers in a severely affected institution in Madrid, Spain: A surveillance cross-sectional study",Infection control and hospital epidemiology,2020-10-29
"Diversification: does it really fail, when you need it most?",J Asset Manag,2020-10-29
Let's get physical: A prospective pedometer study of doctors working in a South African emergency department.,South African medical journal = Suid-Afrikaanse tydskrif vir geneeskunde,2020-10-28
COVID-19 in hematopoietic cell transplant recipients.,Bone marrow transplantation,2020-10-28
Research progress in nervous system damage caused by SARS-CoV-2.,Zhong nan da xue xue bao. Yi xue ban = Journal of Central South University. Medical sciences,2020-10-28
"A Scalable Saliva-based, Extraction-free RT-LAMP Protocol for SARS-Cov-2 Diagnosis",,2020-10-27
Optimally pooled viral testing,Epidemics,2020-10-27
Impact of the COVID-19 pandemic on clinical radiography practice in low resource settings: The Ghanaian Radiographers’ Perspective,Radiography (Lond),2020-10-27
Evolution of Transmissible Gastroenteritis Virus (TGEV): A Codon Usage Perspective,Int J Mol Sci,2020-10-24
Correction to: Acute endodontic and dental trauma provision during the COVID-19 crisis,Br Dent J,2020-10-23
Comorbidities and the COVID‐19 pandemic dynamics in Africa,Trop Med Int Health,2020-10-23
Dried SARS-CoV-2 virus maintains infectivity to Vero E6 cells for up to 48 hours,Vet Microbiol,2020-10-23
The key challenges and critical success factors of blockchain implementation: Policy implications for Singapore’s maritime industry,Mar Policy,2020-10-22
COVID-19-Related Intracerebral Hemorrhage,Front Aging Neurosci,2020-10-22
Resident Education During COVID-19 Pandemic: Effectiveness of Virtual Electroencephalogram Learning,Cureus,2020-10-22
A Multiple Therapy Hypothesis for Treatment of COVID-19 Patients,Med Hypotheses,2020-10-21
"A review of current knowledge on Pollution, Cigarette Smoking and covid-19 diffusion and their relationship with inflammation",Acta Biomed,2020-10-21
"Hurricanes, Wildfires, and Now a Pandemic: The Importance of Clinical Leadership",NEJM Catal Innov Care Deliv,2020-10-21
Clinical Outcomes of Covid-19 in Patients with Inflammatory Bowel Disease: A Nationwide Cohort Study,J Crohns Colitis,2020-10-20
Covid-19 telescreening in SUS users with risk conditions: case report,Revista de saude publica,2020-10-20
Ovarian stiffness increases with age in the mammalian ovary and depends on collagen and hyaluronan matrices.,Aging cell,2020-10-20
Identification of Immunohistochemical Reagents for In Situ Protein Expression Analysis of Coronavirus-associated Changes in Human Tissues,Appl Immunohistochem Mol Morphol,2020-10-20
ANTITHROMBIN-III AMELIORATES POST-TBI CEREBRAL LEUKOCYTE MOBILIZATION ENHANCING RECOVERY OF BLOOD BRAIN BARRIER INTEGRITY.,The journal of trauma and acute care surgery,2020-10-20
Highly Efficient Deep-Blue OLEDs using a TADF Emitter with a Narrow Emission Spectrum and High Horizontal Emitting Dipole Ratio.,Advanced materials,2020-10-20
Atrial Fibrillation Ablation Success Defined by Duration of Recurrence on Cardiac Implantable Electronic Devices.,Journal of cardiovascular electrophysiology,2020-10-20
Culture,Curr Biol,2020-10-19
Gold Metallodrugs to Target Coronavirus Proteins: Inhibitory Effects on the Spike‐ACE2 Interaction and on PLpro Protease Activity by Auranofin and Gold Organometallics,Chemistry,2020-10-19
Active surveillance with telemedicine in patients on anticoagulants during the national lockdown (COVID-19 phase) and comparison with pre-COVID-19 phase,Egypt Heart J,2020-10-16
"Factors Influencing Risk for COVID-19 Exposure Among Young Adults Aged 18–23 Years — Winnebago County, Wisconsin, March–July 2020",MMWR Morb Mortal Wkly Rep,2020-10-16
Learning from SARS: Return and Volatility Connectedness in COVID-19,Financ Res Lett,2020-10-16
"Identification, characterization, and expression profiles of insulin-like peptides suggest their critical roles in growth regulation of the Pacific oyster, Crassostrea gigas.",Gene,2020-10-15
Ciprofloxacin and moxifloxacin could interact with SARS-CoV-2 protease: preliminary in silico analysis,Pharmacol Rep,2020-10-15
"COVID-19 with spontaneous pneumothorax, pneumomediastinum and subcutaneous emphysema",New Microbes New Infect,2020-10-14
The COVID-19 pandemic: The importance of physical activity among faculty members.,Journal of American college health : J of ACH,2020-10-13
Thrombosis Management and Challenges in COVID-19 Patients Presenting with Acute Coronary Syndromes,Heart Views,2020-10-13
Renin-angiotensin-aldosterone system inhibitors and COVID-19 infection or hospitalization: a cohort study,Am J Hypertens,2020-10-13
From People to Panthera: Natural SARS-CoV-2 Infection in Tigers and Lions at the Bronx Zoo,mBio,2020-10-13
SLEDGE-Z: A Zero-Shot Baseline for COVID-19 Literature Search,,2020-10-12
"Moroccan City Festivals, Cultural Diplomacy and Urban Political Agency",Int J Polit Cult Soc,2020-10-12
Cardiac Troponin Testing in Patients with COVID-19: A Strategy for Testing and Reporting Results,Clin Chem,2020-10-12
Forecasting COVID-19 cases in the Philippines using various mathematical models,,2020-10-12
"Growth and hematological responses of tambaqui, Colossoma macropomum fed different levels of rice, Oryza spp.",Brazilian journal of biology = Revista brasleira de biologia,2020-10-12
Quantitative Chest CT analysis in discriminating COVID-19 from non-COVID-19 patients,Radiol Med,2020-10-12
The First 60 Days: American Public Health Agencies' Social Media Strategies in the Emerging COVID-19 Pandemic.,Health security,2020-10-09
Enhancing innate immunity against virus in times of COVID-19: trying to untangle facts from fictions,World Allergy Organ J,2020-10-09
Complicity and Synergy Between Bolsonaro and Brazilian Evangelicals in COVID-19 Times: Adherence to Scientific Negationism for Political-Religious Reasons,Int J Lat Am Relig,2020-10-09
Possible transmission flow of SARS-CoV-2 based on ACE2 features,bioRxiv,2020-10-09
Epidemiology of SARS-CoV-2,Infection,2020-10-08
"EMPress enables tree-guided, interactive, and exploratory analyses of multi-omic datasets",bioRxiv,2020-10-08
Asian-Pacific perspective on the psychological well-being of healthcare workers during the evolution of the COVID-19 pandemic,BJPsych Open,2020-10-08
"Climate injustice, criminalisation of land protection and anti-colonial solidarity: Courtroom ethnography in an age of fossil fuel violence",Polit Geogr,2020-10-08
ACE2/ADAM17/TMPRSS2 Interplay May Be the Main Risk Factor for COVID-19,Front Immunol,2020-10-07
Inflammatory Cytokine: IL-17A Signaling Pathway in Patients Present with COVID-19 and Current Treatment Strategy,J Inflamm Res,2020-10-06
Pregnant Patients and COVID-19,Clinical Synopsis of COVID-19,2020-10-06
Modern Treatment of Tibial Shaft Fractures: Is There a Role Today for Closed Treatment?: Short Title: Non-operative treatment of tibia fractures,Injury,2020-10-05
Physical Activity Outdoors as an Alternative to Lockdown: the Three Cs Strategy,Med Arch,2020-10-03
Persistence of SARS-COV-2 in body fluids: a bystander or whistle blower,Iran J Microbiol,2020-10-03
Additional new species suggest high dictyostelid diversity on Madagascar.,Mycologia,2020-10-02
"COVID-19 era, Preventive effect of no going out against co-infection of the seasonal influenza virus and SARS-CoV-2",,2020-10-02
Thermally Activated Delayed Fluorescence from d10 Metal Carbene Complexes via Intermolecular Charge Transfer and Multicolor Emission with a Monomer-Dimer Equilibrium.,Chemistry,2020-10-02
Delay-adjusted age- and sex-specific case fatality rates for COVID-19 in South Korea: evolution in the estimated risk of mortality throughout the epidemic,Int J Infect Dis,2020-10-02
CSF biomarkers in patients with COVID-19 and neurological symptoms: A case series.,Neurology,2020-10-01
The use of online MBSR audio in medical staff during the COVID-19 in China.,European review for medical and pharmacological sciences,2020-10-01
Prospective surveillance model in the home for breast cancer-related lymphoedema: a feasibility study,Breast Cancer Res Treat,2020-10-01
Dermatology Teleteaching during the COVID-19 Pandemic.,Journal of the College of Physicians and Surgeons--Pakistan : JCPSP,2020-10-01
"So near, so far, so what is social distancing? A fundamental ontological account of a mobile place brand",Place Brand Public Dipl,2020-09-30
Impact of Diabetes Complications,Managing Diabetes in Low Income Countries,2020-09-30
Bilateral spontaneous filtering blebs,Am J Ophthalmol Case Rep,2020-09-30
Holography: Application to High-Resolution Imaging.,Microscopy,2020-09-30
Caractéristiques cliniques et facteurs associés à l’admission en unités de soins intensifs chez des patients COVID-19 hospitalisés,Médecine et Maladies Infectieuses,2020-09-30
Serial measurements in COVID-19-induced acute respiratory disease to unravel heterogeneity of the disease course: design of the Maastricht Intensive Care COVID cohort (MaastrICCht),BMJ Open,2020-09-29
"Reflections on the HIV/AIDS Crisis, COVID-19, and Resilience in Gay Men: Ghosts of Our Past, Demons of Our Present","Shared Trauma, Shared Resilience During a Pandemic",2020-09-29
Nebulized in-line endotracheal dornase alfa and albuterol administered to mechanically ventilated COVID-19 patients: a case series,Mol Med,2020-09-29
Eomes cannot replace its paralog T-bet during expansion and differentiation of CD8 effector T cells,PLoS Pathog,2020-09-29
Continuous Glucose Monitors and Automated Insulin Dosing Systems in the Hospital Consensus Guideline.,Journal of diabetes science and technology,2020-09-28
ATACing Somatic Embryogenesis.,Developmental cell,2020-09-28
Unintentional puncture of thyroid cyst during insertion of dialysis catheter.,The journal of vascular access,2020-09-28
Solutions to prevent and address physician burnout during the pandemic in Mexico,Indian J Psychiatry,2020-09-28
Effect of Corticosteroid Therapy on the Duration of SARS-CoV-2 Clearance in Patients with Mild COVID-19: A Retrospective Cohort Study,Infect Dis Ther,2020-09-28
Transaminitis is an indicator of mortality in patients with COVID-19: A retrospective cohort study,World J Hepatol,2020-09-27
Midwifery Leadership,"Global Midwifery: Principles, Policy and Practice",2020-09-25
“YES it’s the Perfect Time to Quit”: Fueling Tobacco Cessation in India during COVID-19 Pandemic,Tob Use Insights,2020-09-25
Facilitators and Barriers Surrounding the Role of Administration in Employee Job Satisfaction in Long-Term Care Facilities: A Systematic Review,Healthcare (Basel),2020-09-24
"Collaborations between Clinical Pharmacologists in Japan and in the United States ‐ Report from the IQ CPLG and JPMA CPTF Meeting in Tokyo, Japan",Clin Transl Sci,2020-09-24
Respiratory disease in cats associated with human-to-cat transmission of SARS-CoV-2 in the UK,bioRxiv,2020-09-23
Fahr’s syndrome presenting with seizures in SARS-CoV-2 (COVID-19) pneumonia—a case report,Neurol Sci,2020-09-23
Perception and practices during the COVID-19 pandemic in an urban community in Nigeria: a cross-sectional study,PeerJ,2020-09-23
Long-term inhibition of dipeptidyl-peptidase 4 reduces islet infiltration and downregulates IL-1β and IL-12 in NOD mice,Int Immunopharmacol,2020-09-23
An Unconventional Flavivirus and Other RNA Viruses in the Sea Cucumber (Holothuroidea; Echinodermata) Virome,Viruses,2020-09-22
Low-impact social distancing interventions to mitigate local epidemics of SARS-CoV-2,Microbes Infect,2020-09-22
Advances in Molecular Diagnosis of Tuberculosis,J Clin Microbiol,2020-09-22
Inflammatory phenotyping predicts clinical outcome in COVID-19,Respir Res,2020-09-22
Molecular excitations from meta-generalized gradient approximations in the Kohn-Sham scheme.,The Journal of chemical physics,2020-09-21
Urban Air Pollution May Enhance COVID-19 Case-Fatality and Mortality Rates in the United States,Innovation (N Y),2020-09-21
Impact of the COVID-19 Pandemic on Surgical Research and Lessons for the Future,Surgery,2020-09-19
Examining Police Interactions with the Mentally Ill in the United States,Enhancing Police Service Delivery,2020-09-18
Author Correction: Cobrotoxin could be an effective therapeutic for COVID-19,Acta Pharmacol Sin,2020-09-18
"Transmission Dynamics of COVID-19 Outbreaks Associated with Child Care Facilities — Salt Lake City, Utah, April–July 2020",MMWR Morb Mortal Wkly Rep,2020-09-18
Limited specificity of commercially available SARS-CoV-2 IgG ELISAs in serum samples of African origin,,2020-09-18
Assessing the Physiological Relevance of Cough Simulators for Respiratory Droplet Dispersion,J Clin Med,2020-09-17
The Risk Scenario Analysis,Policies for a Stronger Greek Economy,2020-09-16
Aerosol generation from different wind instruments,J Aerosol Sci,2020-09-16
Post-hatching growth of the limbs in an altricial bird species.,Veterinary medicine and science,2020-09-16
Network Analysis of Global Stock Markets at the beginning of the Coronavirus Disease (Covid-19) Outbreak,,2020-09-16
Mining twitter to explore the emergence of COVID-19 symptoms.,Public health nursing,2020-09-16
Common and uncommon chest computed tomography findings at hospital admission with COVID-19 pneumonia,Lung India,2020-09-16
Myocarditis in Multisystem Inflammatory Syndrome in Children (MIS-C) Associated with Coronavirus Disease 2019 (COVID-19).,Cardiology in review,2020-09-15
"Mouse models to study the pathophysiology of combined methylmalonic acidemia and homocystinuria, cblC type.",Developmental biology,2020-09-14
The Experience of Adults Bereaved by the Suicide of a Close Elderly Relative: A Qualitative Pilot Study,Front Psychol,2020-09-14
"Effects of COVID-19 Misinformation on Information Seeking, Avoidance, and Processing: A Multicountry Comparative Study",Sci Commun,2020-09-13
Fertility Desires of Adolescent Females: Decreased Desire for Children in Those Identifying as Transgender/Gender Diverse and in Depressed Adolescents,J Pediatr Adolesc Gynecol,2020-09-12
How does job dissatisfaction interact with self-rated health in determining the risk of health-related job loss? Prospective findings from the Health and Employment After Fifty (HEAF) study.,Occupational and environmental medicine,2020-09-11
Evolution of changes in physical activity over lockdown time: physical activity datasets of four independent adult sample groups corresponding to each of the last four of the six COVID-19 lockdown weeks in Greece,Data Brief,2020-09-11
89Zr Labeled Anti-PD-L1 Antibody PET Monitors Gemcitabine Therapy-Induced Modulation of Tumor PD-L1 Expression.,"Journal of nuclear medicine : official publication, Society of Nuclear Medicine",2020-09-11
Resurgence of SARS-CoV-2 in England: detection by community antigen surveillance,,2020-09-11
Shifting Developmental Trajectories During Critical Periods of Brain Formation,Front Cell Neurosci,2020-09-10
Comparison of Commercial Assays and Laboratory Developed Tests for Detection of SARS-CoV-2,J Virol Methods,2020-09-10
Trajectories of vital signs in patients with COVID-19,Resuscitation,2020-09-10
Telehealth for Upper Extremity Conditions: Perceptions of the Patient and Provider,J Am Acad Orthop Surg Glob Res Rev,2020-09-10
"Reduced maximal aerobic capacity after COVID-19 in young adult recruits, Switzerland, May 2020",Euro Surveill,2020-09-10
Serum urate is related to subclinical inflammation in asymptomatic hyperuricaemia.,Rheumatology,2020-09-09
Evaluation of Bonding Quality with Advanced Nondestructive Testing (NDT) and Data Fusion.,Sensors,2020-09-08
Developing a COVID-19 mortality risk prediction model when individual-level data are not available,Nat Commun,2020-09-07
Real-world patient-reported outcomes of women receiving initial endocrine-based therapy for HR+/HER2- advanced breast cancer in five European countries.,BMC cancer,2020-09-07
Management of the mother-infant dyad with suspected or confirmed SARS-CoV-2 infection in a highly epidemic context,Journal of neonatal-perinatal medicine,2020-09-07
A Parsimonious Description and Cross-Country Analysis of COVID-19 Epidemic Curves,Int J Environ Res Public Health,2020-09-06
RNA secondary structure at the transcription start site influences EBOV transcription initiation and replication in a length- and stability-dependent manner.,RNA biology,2020-09-03
Review of Chromatographic Methods Coupled with Modern Detection Techniques Applied in the Therapeutic Drugs Monitoring (TDM).,Molecules,2020-09-03
Evaluation of attitude among infertile couples about continuing assisted reproductive technologies therapy during novel coronavirus outbreak,,2020-09-03
Diabetology Care During COVID-19 Lockdown in Bosnia and Herzegovina – Diabetologists and Patients Perspective,Mater Sociomed,2020-09-03
A promising antiviral candidate drug for the COVID-19 pandemic: A mini-review of remdesivir,Eur J Med Chem,2020-09-01
Computational and Transcriptome Analyses Revealed Preferential Induction of Chemotaxis and Lipid Synthesis by SARS-CoV-2,Biology (Basel),2020-09-01
RNA interference as a promising treatment against SARS-CoV-2,Int Microbiol,2020-09-01
Early identification of hepatic encephalopathy improves outcomes.,British journal of nursing,2020-09-01
"A dynamic response to exposures of healthcare workers to newly diagnosed COVID-19 patients or hospital personnel, in order to minimize cross transmission and need for suspension from work during the outbreak",Open Forum Infect Dis,2020-09-01
The effect of drugs used in rheumatology for treating SARS-CoV2 infection.,Expert opinion on biological therapy,2020-08-31
Replication analysis of the COVID-19 Worry Scale.,Death studies,2020-08-31
Magnetic Nanoparticles Fishing for Biomarkers in Artificial Saliva,Molecules,2020-08-31
Critical illness-associated cerebral microbleeds in severe COVID-19 infection(),Clin Imaging,2020-08-29
Depth of sedation during drug induced sedation endoscopy monitored by BiSpectral Index® and Cerebral State Index®.,Sleep & breathing = Schlaf & Atmung,2020-08-28
Multimodality imaging in takotsubo syndrome: a joint consensus document of the European Association of Cardiovascular Imaging (EACVI) and the Japanese Society of Echocardiography (JSE).,European heart journal cardiovascular Imaging,2020-08-28
Simultaneous multipurpose fluorescence imaging with IRDye® 800BK during laparoscopic surgery.,Surgical endoscopy,2020-08-28
COVID-19 Pandemic in the United States,Health Policy Technol,2020-08-27
"Two patients, two viruses and multiple sites of injury in the kidney",J Nephrol,2020-08-27
An overview of Middle East respiratory syndrome coronavirus vaccines in preclinical studies.,Expert review of vaccines,2020-08-26
"Recording COVID-19 consultations: review of symptoms, risk factors, and proposed SNOMED CT terms",BJGP open,2020-08-26
Recent development of two-dimensional metal-organic framework derived electrocatalysts for hydrogen and oxygen electrocatalysis.,Nanoscale,2020-08-25
Computed Tomography Radiomics Can Predict Disease Severity and Outcome in Coronavirus Disease 2019 Pneumonia.,Journal of computer assisted tomography,2020-08-24
Forecasting Soccer Market Tendencies Using Link Prediction,Computational Science and Its Applications - ICCSA 2020,2020-08-24
Potential of proteasome inhibitors to inhibit cytokine storm in critical stage COVID-19 patients,,2020-08-24
A Meta-Analysis on the Effects of Hydroxychloroquine on COVID-19,Cureus,2020-08-24
Gene families with stochastic exclusive gene choice underlie cell adhesion in mammalian cells,bioRxiv,2020-08-24
"Use tools, have fun to successfully manage remote employees",,2020-08-23
A Novel Low Recurrence Surgical Approach for Medulloblastoma Excision: A Study of 58 cases.,Turkish neurosurgery,2020-08-22
Using medical Vaseline gauze to alleviate the pressure injury caused by a mask and hat,J Am Acad Dermatol,2020-08-21
Rapid Enrichment and Ultrasensitive Detection of Influenza A Virus in Human Specimen using Magnetic Quantum Dot Nanobeads Based Test Strips,Sens Actuators B Chem,2020-08-21
"Relationship Between Propofol Target Concentrations, Bispectral Index, and Patient Covariates During Anesthesia.",Anesthesia and analgesia,2020-08-20
The novel coronavirus pneumonia (COVID-19): a pictorial review of chest CT features.,Diagnostic and interventional radiology,2020-08-20
Automated Machine Learning: Prospects and Challenges,Computational Science and Its Applications - ICCSA 2020,2020-08-19
Quantifying the Links Between Personality Sub-traits and the Basic Emotions,Computational Science and Its Applications - ICCSA 2020,2020-08-19
Artificial Intelligence in Health Care: Predictive Analysis on Diabetes Using Machine Learning Algorithms,Computational Science and Its Applications - ICCSA 2020,2020-08-19
Efficacy and safety of a new vedolizumab subcutaneous formulation in Japanese patients with moderately to severely active ulcerative colitis.,Intestinal research,2020-08-18
"Predictable Performance for QoS-Sensitive, Scalable, Multi-tenant Function-as-a-Service Deployments",Agile Processes in Software Engineering and Extreme Programming - Workshops,2020-08-18
Self-management interventions to reduce healthcare use and improve quality of life among patients with asthma: systematic review and network meta-analysis.,BMJ,2020-08-18
Haplotype networks of SARS-CoV-2 infections in the Diamond Princess cruise ship outbreak,Proc Natl Acad Sci U S A,2020-08-18
One-for-All Nanoplatform for Synergistic Mild Cascade Potentiated Ultrasound Therapy Induced with Targeting-Imaging-Guided Photothermal Therapy.,ACS applied materials & interfaces,2020-08-18
"""Law of Temporary Diminishing Distraction Gains"": The Phenomenon of Temporary Diminished Distraction Lengths With Magnetically Controlled Growing Rods That Is Reverted With Rod Exchange.",Global spine journal,2020-08-17
Four-tier response system and spatial propagation of COVID-19 in China by a network model,,2020-08-16
The impact of the COVID‐19 pandemic on labor market conditions in Nevada: A preliminary assessment,,2020-08-16
Laparoscopic-assisted anorectoplasty for intermediate type rectovestibular fistula: a preliminary report.,Pediatric surgery international,2020-08-14
OsJAZ9 overexpression modulates jasmonic acid biosynthesis and potassium deficiency responses in rice.,Plant molecular biology,2020-08-14
Comparison of RNA extraction methods for the detection of SARS-CoV-2 by RT-PCR,,2020-08-14
The Status and Risk Factors of COVID-19 Related Suicides in Bangladesh,,2020-08-14
Principles of research ethics: A research primer for low- and middle-income countries,Afr J Emerg Med,2020-08-13
Covid-19: When Species and Data Meet,Postdigit Sci Educ,2020-08-13
Tissue alkaline phosphatase activity and expression in an experimental infant swine model of cardiopulmonary bypass with deep hypothermic circulatory arrest,J Inflamm (Lond),2020-08-12
Obesity and Mortality Among Patients Diagnosed With COVID-19: Results From an Integrated Health Care Organization,Ann Intern Med,2020-08-12
The spread of COVID-19 virus through population density and wind in Turkey cities,Sci Total Environ,2020-08-11
Development of CpG-adjuvanted stable prefusion SARS-CoV-2 spike antigen as a subunit vaccine against COVID-19,bioRxiv,2020-08-11
Vitamin D supplementation in pregnancy and early infancy in relation to gut microbiota composition and C. difficile colonization: implications for viral respiratory infections,Gut microbes,2020-08-11
The Influence of Managerial Psychology on Job Satisfaction among Healthcare Employees in Ghana,Healthcare (Basel),2020-08-11
The effect of 5-day course of hydroxychloroquine and azithromycin combination on QT interval in non-ICU COVID19(+) patients,J Electrocardiol,2020-08-11
Host polymorphisms may impact SARS-CoV-2 infectivity,Trends Genet,2020-08-10
Hypothesized mechanisms explaining poor prognosis in type 2 diabetes patients with COVID-19: a review,Endocrine,2020-08-10
Cannabinoid use in psychotic patients impacts inflammatory levels and their association with psychosis severity.,Psychiatry research,2020-08-10
The autophagy adaptor NDP52 and the FIP200 coiled-coil allosterically activate ULK1 complex membrane recruitment,,2020-08-10
The Outcome of COVID‐19 in Patients with Hematological Malignancy,J Med Virol,2020-08-10
Iranian Urology Association Coronavirus Disease 2019 (COVID-19) Taskforce Pamphlet (IUA-CTP) Recommended Practice based on National Epidemiologic Analysis.,Urology journal,2020-08-09
Performance of an automated anti-SARS-CoV-2 immunoassay in prepandemic cohorts,,2020-08-07
Idiopathic focal organizing pneumonia mimicking malignancy,Pan Afr Med J,2020-08-07
Technology versus tradition: a non-inferiority trial comparing video to face-to-face consultations with a physiotherapist for people with knee osteoarthritis. Protocol for the PEAK randomised controlled trial,BMC Musculoskelet Disord,2020-08-07
Quality of online information for the general public on COVID-19,Patient Educ Couns,2020-08-07
A Pediatric Infectious Disease Perspective on COVID-19,Clin Infect Dis,2020-08-07
Population Size Challenge: Low Total Fertility Rate,Population Development Challenges in China,2020-08-07
COVID-19: Time to exonerate the pangolin from the transmission of SARS-CoV-2 to humans,Infect Genet Evol,2020-08-05
Beyond the hour of death: Family experiences of grief and bereavement following an end-of-life hospitalization in the intensive care unit.,Health,2020-08-04
A Chemoenzymatic Synthesis of the (R(P))-Isomer of the Antiviral Prodrug Remdesivir,Biochemistry,2020-08-04
Increased Susceptibility to Glaucomatous Damage in Microfibril Deficient Mice.,Investigative ophthalmology & visual science,2020-08-03
An optimal posttreatment surveillance strategy for cancer survivors based on an individualized risk-based approach.,Nature communications,2020-08-03
Effect of bortezomib on proliferation and apoptosis of myeloma cells by activating Wnt/β-catenin signaling pathway.,Oncology letters,2020-08-01
Genome sequencing and population genomics modeling provide insights into the local adaptation of weeping forsythia,Hortic Res,2020-08-01
[Salmonella Enteritidis meningitis in an infant. Case report and literature review].,Revista chilena de infectologia : organo oficial de la Sociedad Chilena de Infectologia,2020-08-01
"Pharmacokinetics, tissue distribution and excretion of 6-O-demethylmenisporphine, a bioactive oxoisoaporphine alkaloid from Menispermi Rhizoma, as determined by a HPLC-MS/MS method",J Chromatogr B Analyt Technol Biomed Life Sci,2020-08-01
Safety and Efficacy of Tocilizumab in the Treatment of Severe Acute Respiratory Syndrome Coronavirus-2 Pneumonia: A Retrospective Cohort Study,Indian Journal of Medical Microbiology,2020-07-31
Bleeding gastric ulcer from a pulmonary artery 20 years post-oesophagectomy: a common presentation with a rare cause.,Annals of the Royal College of Surgeons of England,2020-07-31
Resilient Aspirants: Women's Candidacies and Election in Times of COVID-19,,2020-07-30
Use of Chest Imaging in the Diagnosis and Management of COVID-19: A WHO Rapid Advice Guide,Radiology,2020-07-30
Expression of DC-SIGN-Like C-Type Lectin Receptors in Salmo salar,Dev Comp Immunol,2020-07-30
"Magnetic bead-based ELISA allow inexpensive, rapid and quantitative detection of human antibodies against SARS-CoV-2",,2020-07-29
Effects of insulin on IGF-1 receptors in equine lamellar tissue in vitro.,Domestic animal endocrinology,2020-07-29
Estimating transportation role in pandemic diffusion in Nigeria: A consideration of 1918-19 influenza and COVID-19 pandemics,Journal of global health,2020-07-28
"Does natural gas fuel civil war? Rethinking energy security, international relations, and fossil-fuel conflict",Energy Res Soc Sci,2020-07-28
Associations of severe COVID-19 with polypharmacy in the REACT-SCOT case-control study,,2020-07-27
Detecting Transaction-based Tax Evasion Activities on Social Media Platforms Using Multi-modal Deep Neural Networks,,2020-07-27
Shotgun proteomics analysis of SARS-CoV-2-infected cells and how it can optimize whole viral particle antigen production for vaccines,Emerging microbes & infections,2020-07-27
Acute Shortage Ventilator,,2020-07-25
Multiplex Tests for Respiratory Tract Infections: The Direct Utility of the FilmArray Respiratory Panel in Emergency Department,Can Respir J,2020-07-25
Projecting contact matrices in 177 geographical regions: an update and comparison with empirical data for the COVID-19 era,,2020-07-25
Existence of solution and stability for the fractional order novel coronavirus (nCoV-2019) model,Adv Differ Equ,2020-07-25
Blacking out,Swiss J Econ Stat,2020-07-23
A Public Health Laboratory Response to the Pandemic,J Clin Microbiol,2020-07-23
BET 1: The role of remdesivir in COVID-19 infection,Emerg Med J,2020-07-23
"Time Length of Negativization and Cycle Threshold Values in 182 Healthcare Workers with Covid-19 in Milan, Italy: An Observational Cohort Study",Int J Environ Res Public Health,2020-07-23
The COVID-19 Anxiety Syndrome Scale: Development and psychometric properties,Psychiatry Res,2020-07-22
Sequence analysis and pathogenicity of Avian Orthoavulavirus 1 strains isolated from poultry flocks during 2015–2019,BMC Vet Res,2020-07-22
Nuclei detection in hepatocellular carcinoma and dysplastic liver nodules in histopathology images using bootstrap regression.,Histology and histopathology,2020-07-21
A case of severe psoriatic erythroderma with COVID-19.,The Journal of dermatological treatment,2020-07-21
Leveraging Remote Research Associates During a Pandemic,West J Emerg Med,2020-07-21
Comparison of subchorionic hematoma in medicated or natural single euploid frozen embryo transfer cycles.,Fertility and sterility,2020-07-21
Novel NIR modeling design and assignment in process quality control of Honeysuckle flower by QbD,Spectrochim Acta A Mol Biomol Spectrosc,2020-07-19
Clinical Course and Outcomes of Severe Covid-19: A National Scale Study,J Clin Med,2020-07-18
Crystal structures of SARS-CoV-2 ADP-ribose phosphatase: from the apo form to ligand complexes,IUCrJ,2020-07-17
Cavity molecular dynamics simulations of liquid water under vibrational ultrastrong coupling.,Proceedings of the National Academy of Sciences of the United States of America,2020-07-17
Reconfigurable microbots folded from simple colloidal chains.,Proceedings of the National Academy of Sciences of the United States of America,2020-07-17
Clot perviousness is associated with first pass success of aspiration thrombectomy in the COMPASS trial.,Journal of neurointerventional surgery,2020-07-17
Atomic-Level Characterization of the Methadone-Stabilized Active Conformation of µ-Opioid Receptor.,Molecular pharmacology,2020-07-17
How campus security agencies can plan for an uncertain fall,,2020-07-16
Moderate to vigorous physical activity and sedentary behavior change in self-isolating adults during the COVID-19 pandemic in Brazil: A cross-sectional survey exploring correlates,,2020-07-16
COVID-19 pandemic: management of patients affected by SARS-CoV-2 in Rome COVID Hospital 2 Trauma Centre and safety of our surgical team,Int Orthop,2020-07-15
Comprehensive mapping of immune perturbations associated with severe COVID-19,Sci Immunol,2020-07-15
FDA approved drugs with pharmacotherapeutic potential for SARS-CoV-2 (COVID-19) therapy,Drug Resist Updat,2020-07-15
Clinical characteristics in patients with SARS‐CoV‐2/HBV co‐infection,J Viral Hepat,2020-07-15
A Competency Assessment Tool for Unilateral Cleft Lip Repair,Plastic and reconstructive surgery. Global open,2020-07-14
Multidisciplinary approach to COVID-19 risk communication: A framework and tool for individual and regional risk assessment,,2020-07-14
Restructuring ENT out-patient services during the coronavirus disease 2019 pandemic – an iterative approach,The Journal of laryngology and otology,2020-07-14
Therapeutic Strategies Against COVID-19 and Structural Characterization of SARS-CoV-2: A Review,Front Microbiol,2020-07-14
"Impact of Coronavirus disease-19 (COVID-19) lockdown on physical activity and energy expenditure among physiotherapy professionals and students using web based open E-survey sent through WhatsApp, Facebook and Instagram messengers",Clin Epidemiol Glob Health,2020-07-14
Violence versus gratitude: Courses of recognition in caring situations.,Nursing philosophy : an international journal for healthcare professionals,2020-07-13
Assigning mitochondrial localization of dual localized proteins using a yeast Bi-Genomic Mitochondrial-Split-GFP,,2020-07-13
Die Ausgangslage,Psychotherapie in Zeiten kollektiver Verunsicherung,2020-07-13
Assessing the Short-Term Association Between Rural Hospitals' Participation in Accountable Care Organizations and Changes in Utilization and Financial Performance.,The Journal of rural health : official journal of the American Rural Health Association and the National Rural Health Care Association,2020-07-13
Lockdown timing and efficacy in controlling COVID-19 using mobile phone tracking,EClinicalMedicine,2020-07-13
Keynesian models of depression. Supply shocks and the COVID-19 Crisis,,2020-07-11
Variability and distribution of the golden-headed weevil Compsusauricephalus (Say) (Curculionidae: Entiminae: Eustylini),Biodivers Data J,2020-07-09
Competing Crises: COVID‐19 Countermeasures and Social Isolation among Older Adults in Long Term Care,J Adv Nurs,2020-07-09
Good or bad: Application of RAAS inhibitors in COVID-19 patients with cardiovascular comorbidities,Pharmacol Ther,2020-07-09
Conservative treatment of partial testicular artery injury during transabdominal preperitoneal hernioplasty (TAPP).,Acta chirurgica Belgica,2020-07-09
CNS Penetration Ability: A Critical Factor for Drugs in the Treatment of SARS-CoV-2 Brain Infection,ACS Chem Neurosci,2020-07-08
“Conflating Culture With COVID-19: Xenophobic Repercussions of a Global Pandemic”,Social sciences & humanities open,2020-07-07
National survey on the treatment of acute appendicitis in Spain during the initial period of the COVID-19 pandemic.,Cirugia espanola,2020-07-07
CareCall: a Call-Based Active Monitoring Dialog Agent for Managing COVID-19 Pandemic,,2020-07-06
Sports Ultrasound Training During a Pandemic: Developing a “Hands-On” Skill Through Distance Learning,Am J Phys Med Rehabil,2020-07-06
Mutational Signatures and Heterogeneous Host Response Revealed Via Large-Scale Characterization of SARS-COV-2 Genomic Diversity,bioRxiv,2020-07-06
"Disrupted classes, undisrupted learning during COVID-19 outbreak in China: application of open educational practices and resources",Smart Learn,2020-07-06
Guillain-Barré Syndrome as a Neurological Complication of Novel COVID-19 Infection: A Case Report and Review of the Literature,Neurologist,2020-07-06
Collaborative Unsupervised Domain Adaptation for Medical Image Diagnosis,,2020-07-05
Infection risks faced by public health laboratory services teams when handling specimens associated with COVID-19,Saf Health Work,2020-07-04
No-wait two-stage flowshop problem with multi-task flexibility of the first machine,Inf Sci (N Y),2020-07-04
Atherosclerosis as Pathogenetic Substrate for Sars-Cov2 Cytokine Storm,J Clin Med,2020-07-03
"Lions, Tigers and Kittens too: ACE2 and susceptibility to CoVID-19",Evol Med Public Health,2020-07-03
Acute complications and mortality in hospitalized patients with coronavirus disease 2019: a systematic review and meta-analysis,Crit Care,2020-07-02
Patellofemoral contact mechanics after transposition of tibial tuberosity in dogs.,Journal of veterinary science,2020-07-01
Chilblain‐like lesions during COVID‐19 pandemic: a serological study on a case series,Br J Dermatol,2020-07-01
Pediatric COVID-19 Disease: A Review of the Recent Literature.,Pediatric annals,2020-07-01
Prevalence of Flu-like Symptoms and COVID-19 in Healthcare Workers from India.,The Journal of the Association of Physicians of India,2020-07-01
Path From Clinical Research to Implementation: Endovascular Treatment of Ischemic Stroke in the Netherlands.,Stroke,2020-07-01
Coronavirus (COVID 19) Infection in Pregnancy,Colombia medica,2020-06-30
Vasculopathy and Coagulopathy Associated with SARS-CoV-2 Infection,Cells,2020-06-30
The impact of COVID-19 on patients with neuromyelitis optica spectrum disorder; a pilot study.,Multiple sclerosis and related disorders,2020-06-30
"Knowledge, attitudes, and practices towards COVID-19 among primary and middle school students during the COVID-19 outbreak period in Beijing: An online cross-sectional survey",,2020-06-30
Pushing past the tipping points in containment trajectories of severe acute respiratory syndrome coronavirus 2 (SARS-CoV-2) epidemics: A simple arithmetic rationale for crushing the curve instead of merely flattening it,Infect Dis Model,2020-06-30
"Erratum: Efficacy of Cereal-based Oral Nutrition Supplement on Nutritional Status, Inflammatory Cytokine Secretion and Quality of Life in Cancer Patients Under Cancer Therapy.",Journal of cancer prevention,2020-06-30
Avoiding Ineffective End‐of‐Life Care: A Lesson from Triage?,Hastings Cent Rep,2020-06-29
The red half‐moon nail sign: a novel manifestation of coronavirus infection,J Eur Acad Dermatol Venereol,2020-06-29
The Potential Vaccine Component for COVID-19: A Comprehensive Review of Global Vaccine Development Efforts,Cureus,2020-06-27
Setting up an Easy-to-Use Machine Learning Pipeline for Medical Decision Support: A Case Study for COVID-19 Diagnosis Based on Deep Learning with CT Scans.,Studies in health technology and informatics,2020-06-26
COVID-19 and the production of knowledge regarding recommendations during pregnancy: a scoping review,Revista latino-americana de enfermagem,2020-06-26
Teleanalytic Therapy in the Era of Covid-19: Dissociation in the Countertransference.,Journal of the American Psychoanalytic Association,2020-06-26
Phylogenomics and phylodynamics of SARS-CoV-2 retrieved genomes from India,,2020-06-26
Novel coronavirus pandemic: A clinical overview,S Afr Fam Pract (2004),2020-06-26
Reaching the Hispanic Community About COVID-19 Through Existing Chronic Disease Prevention Programs,Prev Chronic Dis,2020-06-25
Dynamics of an imprecise stochastic Holling II one-predator two-prey system with jumps,,2020-06-25
First Reported Use of Highly Adsorptive Hemofilter in Critically Ill COVID-19 Patients in the USA,J Clin Med Res,2020-06-25
Optimizing the implementation of a population panel management intervention in safety-net clinics for pediatric hypertension (The OpTIMISe–Pediatric Hypertension Study),Implement Sci Commun,2020-06-25
Integration of viral transcriptome sequencing with structure and sequence motifs predicts novel regulatory elements in SARS-CoV-2,bioRxiv,2020-06-24
Prenatal anxiety and obstetric decisions among pregnant women in Wuhan and Chongqing during the COVID‐19 outbreak: a cross‐sectional study,BJOG,2020-06-24
Central statistical monitoring of investigator-led clinical trials in oncology,Int J Clin Oncol,2020-06-23
Posterior Reversible Encephalopathy Syndrome: A Manifestation of COVID-19 Cytokine Storm,Interdiscip Neurosurg,2020-06-22
Anti‐cardiolipin IgG autoantibodies are an independent risk factor of COVID‐19 severity,Arthritis Rheumatol,2020-06-21
Cumulative effect of aging and SARS-CoV2 infection on poor prognosis in the elderly: Insights from transcriptomic analysis of lung and blood,bioRxiv,2020-06-21
Pulmonary surfactant itself must be a strong defender against SARS-CoV-2,Med Hypotheses,2020-06-20
SARS-CoV-2 qRT-PCR Ct value distribution in Japan and possible utility of rapid antigen testing kit,,2020-06-19
Progression / remission of Coronavirus disease 2019: Data driven recommendations for repeating SARS-CoV-2 nucleic acid amplification tests.,,2020-06-19
Laboratory management for SARS-CoV-2 detection: a user-friendly combination of the heat treatment approach and rt-Real-time PCR testing,Emerging microbes & infections,2020-06-18
Unique case of Central Retinal Artery Occlusion secondary to COVID-19 Disease,IDCases,2020-06-18
Hospital-Based Case Series Analysis of Road Traffic Trauma Patients in Sri Lanka,Indian J Surg,2020-06-17
Cancer Prevales on Covid‐19: To Maintain a High Quality Standard Concerning Diagnosis and Oncological Care Even During a Pandemic,J Med Virol,2020-06-17
Digital Contact Tracing Using IP Colocation,,2020-06-16
Clinical and epidemiological characteristics of pediatric SARS-CoV-2 infections in China: A multicenter case series,PLoS Med,2020-06-16
A Hybrid Natural Language Generation System Integrating Rules and Deep Learning Algorithms,,2020-06-15
Assessment of SARS-CoV-2 serological tests for the diagnosis of COVID-19 through the evaluation of three immunoassays: two automated immunoassays (Euroimmun and Abbott) and one rapid lateral flow immunoassay (NG Biotech),J Clin Virol,2020-06-15
An ‘Arms Race’ between the Nonsense-mediated mRNA Decay Pathway and Viral Infections,Semin Cell Dev Biol,2020-06-15
Incidence and clinical profiles of COVID-19 pneumonia in pregnant women: A single-centre cohort study from Spain,EClinicalMedicine,2020-06-15
Teleoperation of Collaborative Robot for Remote Dementia Care in Home Environments,IEEE J Transl Eng Health Med,2020-06-15
Adaptation to SARS‐CoV‐2 under stress: Role of distorted information,Eur J Clin Invest,2020-06-13
Pandemic brings accessible mental health care to rural Texas,,2020-06-12
Public Transport Operations After Lockdown: How to Make It Happen?,Trans Indian Natl,2020-06-12
Referral patterns for surgical consult in the management of patients with foot drop due to acute lumbar disc herniation: a survey study of physical therapists in the United States.,The Journal of manual & manipulative therapy,2020-06-12
Successful contact tracing systems for COVID-19 rely on effective quarantine and isolation,,2020-06-12
SARS-CoV-2 shedding and seroconversion among passengers quarantined after disembarking a cruise ship: a case series,Lancet Infect Dis,2020-06-12
Financial Burden of Hospitalization of Children with Coronavirus Disease 2019 under the National Health Insurance Service in Korea,J Korean Med Sci,2020-06-11
Abnormal liver function tests predict transfer to intensive care unit and death in COVID‐19,Liver Int,2020-06-11
Distributed Heterogeneous N-Variant Execution,"Detection of Intrusions and Malware, and Vulnerability Assessment",2020-06-11
The broad spectrum of dermatological manifestations in COVID‐19. Clinical and histopathological features learned from a series of 34 cases,J Eur Acad Dermatol Venereol,2020-06-11
Waiting for other people: a psychoanalytic interpretation of the time for action,Wellcome Open Res,2020-06-10
Review on the clinical pharmacology of hydroxychloroquine sulfate for the treatment of COVID-19.,Current drug metabolism,2020-06-10
Effects of Tocilizumab on Mortality in Hospitalized Patients with COVID-19: A Multicenter Cohort Study,,2020-06-09
Exploring the Impact of Simple Explanations and Agency on Batch Deep Reinforcement Learning Induced Pedagogical Policies,Artificial Intelligence in Education,2020-06-09
Seroprevalence of IgG antibodies against SARS coronavirus 2 in Belgium: a prospective cross-sectional study of residual samples,,2020-06-09
Significancia estad\'istica del exceso de muertes en Chile durante pandemia COVID-19,,2020-06-08
"Terminology, communication, and information systems in nonoperating room anaesthesia in the COVID-19 era.",Current opinion in anaesthesiology,2020-06-08
"Green Chemicals from Used Cooking Oils: Trends, Challenges and Opportunities",Curr Opin Green Sustain Chem,2020-06-07
Operational Research Literature as a Use Case for the Open Research Knowledge Graph,Mathematical Software - ICMS 2020,2020-06-06
Augmenting contact matrices with time-use data for fine-grained intervention modelling of disease dynamics: A modelling analysis,,2020-06-05
Secondary Data Analysis in Nursing Research: A Contemporary Discussion,Clin Nurs Res,2020-06-05
Estimating the parameters of SIR model of COVID-19 cases in India during lock down periods,,2020-06-04
Impact of Covid-19 on Consumer Behavior: Will the Old Habits Return or Die?,J Bus Res,2020-06-04
15 vragen over verlof,Nursing (Maarssen),2020-06-03
Global supply-chain effects of COVID-19 control measures.,Nature human behaviour,2020-06-03
"Development and Evaluation of Motion-activated System for Improved Chest Drainage: Bench, In Vivo Results, and Pilot Clinical Use of Technology.",Surgical innovation,2020-06-03
Piecewise Affine Dynamical Models of Timed Petri Nets – Application to Emergency Call Centers,Application and Theory of Petri Nets and Concurrency,2020-06-02
Performance of suspected influenza case definitionbefore and during the COVID-19 pandemic,,2020-06-02
Efficacy and Safety of Leflunomide for Refractory COVID-19: An Open-label Controlled Study,,2020-06-02
Possible long-term endocrine-metabolic complications in COVID-19: lesson from the SARS model,Endocrine,2020-06-02
Lessons Learned so Far from the Pandemic: A Review on Pregnants and Neonates with COVID-19.,The Eurasian journal of medicine,2020-06-01
Clinical Characteristics and Outcomes of 74 Patients With Severe or Critical COVID-19,Am J Med Sci,2020-06-01
Comparative analysis of Coronaviridae nucleocapsid and surface glycoprotein sequences.,Frontiers in bioscience,2020-06-01
COVID-19 and Picotechnology: Potential Opportunities,Med Hypotheses,2020-06-01
"Infection prevention and control in blood purification centers during the COVID-19 epidemic: a single institution experience from Zhejiang, China.",Le infezioni in medicina,2020-06-01
Should I Stay or Should I Go? A Bioethical Analysis of Healthcare Professionals' and Healthcare Institutions' Moral Obligations During Active Shooter Incidents in Hospitals - A Narrative Review of the Literature.,"The Journal of law, medicine & ethics : a journal of the American Society of Law, Medicine & Ethics",2020-06-01
Enhanced nano-aerosol loading performance of multilayer PVDF nanofiber electret filters,Sep Purif Technol,2020-06-01
Parallel reductive genome evolution in Desulfovibrio ectosymbionts independently acquired by Trichonympha protists in the termite gut,ISME J,2020-06-01
COVID-19: Striking a Balance between Health Care Provider Safety and Patient Care in the Indian Hospital Settings.,The Journal of the Association of Physicians of India,2020-06-01
"A data-driven network model for the emerging COVID-19 epidemics in Wuhan, Toronto and Italy",Math Biosci,2020-06-01
The management of emergency spinal surgery during the COVID-19 pandemic in Italy: a preliminary report,Bone Joint J,2020-06-01
Early versus late onset of hypertensive disorders in twins—The placental perspective,Journal of Obstetrics and Gynaecology Canada,2020-05-31
COVID-19: Initial experience of an international group of hand surgeons,Hand Surgery and Rehabilitation,2020-05-31
Sofosbuvir protects human brain organoids against SARS-CoV-2,bioRxiv,2020-05-31
SARS-CoV-2 Infection and the Liver,Pathogens,2020-05-30
Urologic oncology surgery during COVID-19: a rapid review of current triage guidance documents,Urol Oncol,2020-05-30
A review of potential treatments to date in COVID-19 patients according to the stage of the disease,Curr Res Transl Med,2020-05-30
The role of transplant during a pandemic,Am J Transplant,2020-05-29
"Co-infection of SARS-CoV-2 and Influenza virus in Early Stage of the COVID-19 Epidemic in Wuhan, China",J Infect,2020-05-28
High Resolution CHEST CT(HRCT) Evaluation in Patients Hospitalized with COVID-19 Infection,,2020-05-28
COVID-19 Outbreak in North Italy: An Overview on Dentistry. A Questionnaire Survey,Int J Environ Res Public Health,2020-05-28
Six Scenarios for non-medical interventions in the SARS-CoV-2 epidemic,,2020-05-27
Managing patients with rheumatic diseases during the COVID-19 pandemic: The French Society of Rheumatology answers to most frequently asked questions up to May 2020,Joint Bone Spine,2020-05-27
A Case of Catatonia in a Man with COVID-19,Psychosomatics,2020-05-27
Caveolar communication with xenobiotic-stalled ribosomes compromises gut barrier integrity,Commun Biol,2020-05-27
Are we #stayinghome to Flatten the Curve?,,2020-05-26
"Clinical Characteristics of Critically Ill Patients Co-infected with SARS-CoV-2 and the Influenza Virus in Wuhan, China",Int J Infect Dis,2020-05-26
[Principles and suggestions on biosafety protection of biological specimen preservation during prevalence of COVID-19].,Zhejiang da xue xue bao. Yi xue ban = Journal of Zhejiang University. Medical sciences,2020-05-25
A Trilevel r-Interdiction Selective Multi-Depot Vehicle Routing Problem With Depot Protection,Comput Oper Res,2020-05-25
Prioritizing and Analyzing the Role of Climate and Urban Parameters in the Confirmed Cases of COVID-19 Based on Artificial Intelligence Applications,Int J Environ Res Public Health,2020-05-25
Impression Curve as a New Tool in the Study of Visual Diversity of Computer Game Levels for Individual Phases of the Design Process,Computational Science - ICCS 2020,2020-05-25
High Accuracy Terrain Reconstruction from Point Clouds Using Implicit Deformable Model,Computational Science - ICCS 2020,2020-05-25
COVIDep: A web-based platform for real-time reporting of vaccine target recommendations for SARS-CoV-2,bioRxiv,2020-05-24
COVID-19: The Case of Three Patients with the Same Diagnosis but Different Clinical and Laboratory Features,Case Rep Med,2020-05-24
Dynamic Classifier Selection for Data with Skewed Class Distribution Using Imbalance Ratio and Euclidean Distance,Computational Science - ICCS 2020,2020-05-23
Vitamin D in Triple-Negative and BRCA1-Deficient Breast Cancer—Implications for Pathogenesis and Therapy,Int J Mol Sci,2020-05-23
Laboratory findings of COVID-19: a systematic review and meta-analysis,Scand J Clin Lab Invest,2020-05-23
Rapid implementation and validation of a cold-chain free SARS-CoV-2 diagnostic testing workflow to support surge capacity,J Clin Virol,2020-05-23
Sparse Linear Algebra on AMD and NVIDIA GPUs – The Race Is On,High Performance Computing,2020-05-22
COVID 19 therapies and anti-cancer drugs: A systematic review of recent literature,Crit Rev Oncol Hematol,2020-05-21
Type I and Type III IFN Restrict SARS-CoV-2 Infection of Human Airway Epithelial Cultures,bioRxiv,2020-05-20
The Frankfurt COVid aErosol pRotEction Dome – COVERED- a consideration for personal protective equipment improvement and technical note,Anaesth Crit Care Pain Med,2020-05-19
Emergency room neurology in times of COVID‐19: malignant ischaemic stroke and SARS‐CoV‐2 infection,Eur J Neurol,2020-05-19
Preventing the dysfunction of public health centres responding to COVID‐19 by focusing on public health nurses in Japan,J Adv Nurs,2020-05-18
Resuscitation of the patient with suspected/confirmed COVID-19 when wearing personal protective equipment: A randomized multicenter crossover simulation trial.,Cardiology journal,2020-05-18
Burden and prevalence of prognostic factors for severe COVID-19 in Sweden.,European journal of epidemiology,2020-05-18
"Digital technologies in the COVID-19 responses in sub-Saharan Africa: policies, problems and promises",Pan Afr Med J,2020-05-18
"Systemic endothelial dysfunction: a common pathway for COVID-19, cardiovascular and metabolic diseases",Nutr Metab Cardiovasc Dis,2020-05-18
Robot dance: a city-wise automatic control of Covid-19 mitigation levels,,2020-05-18
Modelling and data-based analysis of COVID-19 outbreak in India : a study on impact of social distancing measures,,2020-05-17
Operational protocol for donation of anti‐COVID‐19 convalescent plasma in Italy,Vox Sang,2020-05-17
Aldolase C is a novel molecular marker for folliculo-stellate cells in rodent pituitary.,Cell and tissue research,2020-05-16
Homology-guided identification of a conserved motif linking the antiviral functions of IFITM3 to its oligomeric state,bioRxiv,2020-05-16
"On Statistics, Probability, and Entropy of Interval-Valued Datasets",Information Processing and Management of Uncertainty in Knowledge-Based Systems,2020-05-16
Human and Aquatic Toxicity Potential of Petroleum Biodegradation Metabolite Mixtures in Groundwater from Fuel Release Sites.,Environmental toxicology and chemistry,2020-05-16
Evaluation of the COVID19 ID NOW EUA Assay,J Clin Virol,2020-05-15
Fed-DIC: Diagonally Interleaved Coding in a Federated Cloud Environment,Distributed Applications and Interoperable Systems,2020-05-15
COVID-19: how to transform a noninvasive ventilation device in a critical care ventilator.,Revista espanola de anestesiologia y reanimacion,2020-05-15
Remote video auditing in the endoscopy unit for evaluation of duodenoscope reprocessing in a tertiary care center.,Endoscopy,2020-05-14
Neurally adjusted ventilatory assist versus pressure support ventilation: a randomized controlled feasibility trial performed in patients at risk of prolonged mechanical ventilation,Crit Care,2020-05-14
Emergency preparedness after COVID-19: A review of policy statements for the U.S. water sector,Util Policy,2020-05-13
Hyponatremia presenting with hourly fluctuating urine osmolality.,"Endocrinology, diabetes & metabolism case reports",2020-05-13
Knowledge and Perception Towards Universal Safety Precautions During Early Phase of the COVID-19 Outbreak in Nepal.,Journal of community health,2020-05-13
Cognitive Processing Therapy for Posttraumatic Stress Disorder via Telehealth: Practical Considerations During the COVID‐19 Pandemic,J Trauma Stress,2020-05-13
Quantitative COVID-19 infectiousness estimate correlating with viral shedding and culturability suggests 68% pre-symptomatic transmissions,,2020-05-12
Medizinische Apps – Möglichkeiten bei Pruritus,Hautarzt,2020-05-12
Guidelines for TMS/tES Clinical Services and Research through the COVID-19 Pandemic,Brain Stimul,2020-05-12
Characterization of neutralizing antibodies from a SARS-CoV-2 infected individual,bioRxiv,2020-05-12
High-Risk Airway Management in the Emergency Department: Diseases and Approaches Part I,J Emerg Med,2020-05-12
Evaluation of coagulation function by rotation thromboelastometry in critically ill patients with severe COVID-19 pneumonia,J Thromb Thrombolysis,2020-05-11
WHO International Health Regulations (IHR) vs COVID-19 Uncertainty,Acta Biomed,2020-05-11
SARS-COV-2 Presenting as New Onset Atrial Fibrillation: A Case Report,Cureus,2020-05-11
A Component Analysis of the Mindfulness-Based Positive Behavior Support (MBPBS) Program for Mindful Parenting by Mothers of Children with Autism Spectrum Disorder,Mindfulness (N Y),2020-05-11
COVID-19 virus case fatality rate: How to avoid errors in calculation of data during the outbreak?,Acta bio-medica : Atenei Parmensis,2020-05-11
Activation of the SARS-CoV-2 receptor Ace2 by cytokines through pan JAK-STAT enhancers,bioRxiv,2020-05-11
The effects of humic acid urea and polyaspartic acid urea on reducing nitrogen loss compared with urea.,Journal of the science of food and agriculture,2020-05-09
"Isolation of patients in psychiatric hospitals in the context of the COVID-19 pandemic: An ethical, legal, and practical challenge",Int J Law Psychiatry,2020-05-08
High‐immunological risk living donor renal transplant during the COVID‐19 outbreak: Uncertainties and ethical dilemmas,Am J Transplant,2020-05-08
Bioinformatic prediction of potential T cell epitopes for SARS-Cov-2,J Hum Genet,2020-05-06
The dipeptidyl peptidase-4 expression in some MERS-CoV naturally infected dromedary camels in Saudi Arabia 2018–2019,Virusdisease,2020-05-06
Novel wearable and contactless monitoring devices to identify deteriorating patients in the clinical setting: a systematic review protocol.,Systematic reviews,2020-05-06
Sensitivity evaluation of 2019 novel coronavirus (SARS-CoV-2) RT-PCR detection kits and strategy to reduce false negative,,2020-05-05
Ph+ Acute Lymphoblastic Leukaemia in Italy During the Covid‐19 Pandemic. A Campus ALL Study,Br J Haematol,2020-05-05
"During Aspergillus infection, neutrophil, monocyte-derived DC, and plasmacytoid DC enhance innate immune defense through CXCR3-dependent crosstalk",bioRxiv,2020-05-05
Hindsight is 2020 vision: Characterisation of the global response to the COVID-19 pandemic,,2020-05-05
COVID-19 with silent hypoxemia.,"Tidsskrift for den Norske laegeforening : tidsskrift for praktisk medicin, ny raekke",2020-05-05
icumonitoring.ch: a platform for short-term forecasting of intensive care unit occupancy during the COVID-19 epidemic in Switzerland.,Swiss medical weekly,2020-05-04
Data quarantine in the time of the COVID-19 pandemic.,Circulation. Cardiovascular quality and outcomes,2020-05-04
Onsite telemedicine strategy for coronavirus (COVID-19) screening to limit exposure in ED.,Emergency medicine journal : EMJ,2020-05-03
My first call on Covid duty.,Indian journal of medical ethics,2020-05-02
How and when to end the COVID-19 lockdown: an optimisation approach,,2020-05-02
Histological pattern in Covid‐19 induced viral rash,J Eur Acad Dermatol Venereol,2020-05-02
Generation of self-organized sensory ganglion organoids and retinal ganglion cells from fibroblasts.,Science advances,2020-05-01
COVID-19 presenting with ophthalmoparesis from cranial nerve palsy.,Neurology,2020-05-01
COVID19 pandemic and people with opioid use disorder: innovation to reduce risk.,Psychiatry research,2020-04-30
"Effects of COVID‐19 Lockdown on Lifestyle Behaviors in Children with Obesity Living in Verona, Italy: A Longitudinal Study",Obesity (Silver Spring),2020-04-30
UK neurology response to the COVID-19 crisis.,Clinical medicine,2020-04-30
An assessment of real-time RT-PCR kits for SARS-CoV-2 detection.,Japanese journal of infectious diseases,2020-04-30
"Management of patients with COVID-19 in radiology departments, and indications regarding imaging studies – recommendations of the Polish Medical Society of Radiology",Pol J Radiol,2020-04-29
Feline Niemann-Pick Disease With a Novel Mutation of SMPD1 Gene.,Veterinary pathology,2020-04-29
Detection and isolation of asymptomatic individuals can make the difference in COVID-19 epidemic management,,2020-04-29
Systematic review of international guidelines for tracheostomy in COVID-19 patients.,,2020-04-29
Detection of low levels of SARS-CoV-2 RNA from nasopharyngeal swabs using three commercial molecular assays,J Clin Virol,2020-04-28
COVID-19-Versorgung – Strategien der Taskforce Coronavirus und Erfahrungen von den ersten 115 Fällen am Universitätsklinikum Freiburg,Dtsch Med Wochenschr,2020-04-28
P-ODN: Prototype-based Open Deep Network for Open Set Recognition.,Scientific reports,2020-04-28
Physical activity-related injuries of college students in southern China: A 1-year prospective study.,Scientific reports,2020-04-28
The role of comorbidities and clinical predictors of severe disease in COVID-19: a systematic review and meta-analysis,,2020-04-25
Computing endomorphism rings of supersingular elliptic curves and connections to pathfinding in isogeny graphs,,2020-04-24
"Unexpected BP Sensitivity to Angiotensin II in a Patient With Coronavirus Disease 2019, ARDS, and Septic Shock",Chest,2020-04-23
[Ethical principles compromised during the COVID-19 pandemic?],Nederlands tijdschrift voor geneeskunde,2020-04-23
A study on control of novel corona-virus (2019-nCoV) disease process by using PID controller,,2020-04-23
"The unsynchronized changes of CT image and nucleic acid detection in COVID-19: reports the two cases from Gansu, China",Respir Res,2020-04-22
Identification of Human Immune Cell Subtypes Most Vulnerable to IL-1β-induced Inflammatory Signaling Using Mass Cytometry,bioRxiv,2020-04-19
Modeling COVID-19 latent prevalence to assess a public health intervention at a state and regional scale,,2020-04-18
Improving Coronavirus (COVID-19) Diagnosis using Deep Transfer Learning,,2020-04-17
Optimal Allocation of COVID-19 Test Kits Among Accredited Testing Centers in the Philippines,,2020-04-17
A Predictive Model for the Evolution of COVID-19,,2020-04-17
Innovative screening tests for COVID-19 in South Korea,Clin Exp Emerg Med,2020-04-16
CT radiomics can help screen the Coronavirus disease 2019 (COVID-19): a preliminary study,Sci,2020-04-15
The social determinants of otitis media in aboriginal children in Australia: are we addressing the primary causes? A systematic content review,BMC Public Health,2020-04-15
The Royal College of Pathologists of Australasia (RCPA) position statement on COVID-19.,Australian journal of general practice,2020-04-15
Three unsuspected CT diagnoses of COVID-19,Emerg Radiol,2020-04-13
Political Intrusions into the International Health Regulations Treaty and Its Impact on Management of Rapidly Emerging Zoonotic Pandemics: What History Tells Us,Prehospital and disaster medicine,2020-04-13
COVID‐19: A global transplant perspective on successfully navigating a pandemic,Am J Transplant,2020-04-12
Dendrimer– and polymeric nanoparticle–aptamer bioconjugates as nonviral delivery systems: a new approach in medicine,Drug Discov Today,2020-04-10
Perspective: cardiovascular disease and the Covid-19 pandemic,Basic Res Cardiol,2020-04-10
Spontaneous Resolution of Carotid Stenosis with Free Floating Thrombus: A Brief Overview of Possible Mechanisms and Management.,Cureus,2020-04-09
"Estimating required 'lockdown' cycles before immunity to SARS-CoV-2: Model-based analyses of susceptible population sizes, 'S0', in seven European countries including the UK and Ireland",,2020-04-09
Polymorphisms and drug resistance analysis of HIV-1 isolates from patients on first line antiretroviral therapy (ART) in South-eastern Nigeria,PLoS One,2020-04-08
Neutralizing antibody responses to SARS-CoV-2 in a COVID-19 recovered patient cohort and their implications,,2020-04-06
COVID-19 and maternal mental health: Are we getting the balance right?,,2020-04-06
COVID‐19: Face masks and human‐to‐human transmission,Influenza Other Respir Viruses,2020-04-05
The Coronavirus and the Risks to the Elderly in Long-Term Care.,Journal of aging & social policy,2020-04-03
Communication Skills in the Age of COVID-19,Ann Intern Med,2020-04-02
[Effect of convalescent plasma and immunoglobulin on patients with severe acute respiratory syndrome: a systematic review].,Zhonghua wei zhong bing ji jiu yi xue,2020-04-01
Optimal timing for social distancing during an epidemic,,2020-04-01
Dynamic Chest CT Evaluation in Three Cases of 2019 Novel Coronavirus Pneumonia.,Archives of Iranian medicine,2020-04-01
COVID-19 Outbreak in Pakistan: Model-Driven Impact Analysis and Guidelines,,2020-03-31
Cell-to-cell spread of vaccinia virus is promoted by TGF-β-independent Smad4 signaling.,Cellular microbiology,2020-03-31
A Simple Scoring Method for Predicting the Low Risk of Persistent Acute Kidney Injury in Critically Ill Adult Patients,Sci Rep,2020-03-31
The time-series ages distribution of the reported COVID-2019 infected people suggests the undetected local spreading of COVID-2019 in Hubei and Guangdong provinces before 19th Jan 2020,,2020-03-30
"Filter life span in postoperative cardiovascular surgery patients requiring continuous renal replacement therapy, using a post dilution regional citrate anticoagulation continuous hemofiltration circuit.",Cardiology journal,2020-03-24
Structural Insight into Paramyxovirus and Pneumovirus Entry Inhibition,Viruses,2020-03-20
A Prospective Cohort Study of Factors Associated with Empiric Antibiotic De-escalation in Neonates Suspected with Early Onset Sepsis (EOS),Paediatr Drugs,2020-03-18
Axiomatic Analysis of Contact Recommendation Methods in Social Networks: An IR Perspective,Advances in Information Retrieval,2020-03-17
Molecular and cellular evidence of natural Venezuelan equine encephalitis virus infection in frugivorous bats in Colombia,Vet World,2020-03-16
Understanding Epidemic Data and Statistics: A case study of COVID-19,,2020-03-15
"The influence of irrigant activation, concentration and contact time on sodium hypochlorite penetration into root dentine: an ex vivo experiment.",International endodontic journal,2020-03-12
Plasma B-type natriuretic peptide cannot predict treatment response to ibuprofen in preterm infants with patent ductus arteriosus,Sci Rep,2020-03-10
The Influence of Culture on Women’s IT Career Choices,"Responsible Design, Implementation and Use of Information and Communication Technology",2020-03-10
Why the WHO won't use the p-word,New Scientist,2020-03-07
Evaluation of Public Health Education and Workforce Needs in the Kingdom of Saudi Arabia,J Epidemiol Glob Health,2020-03-03
The Effect of Chemical Cleaning on Mechanical Properties of Three-Dimensional Printed Polylactic Acid,J Med Device,2020-03-01
"Epidemiology, diagnosis, treatment, and future perspectives concerning SARS-COV-2: a review article.",Revista da Associacao Medica Brasileira,2020-03-01
Treatment Outcomes of Endovascular Embolization Only in Patients with Unruptured Brain Arteriovenous Malformations: A Subgroup Analysis of ARUBA (A Randomized Trial of Unruptured Brain Arteriovenous Malformations).,AJNR. American journal of neuroradiology,2020-02-27
"The behavioral, cellular and immune mediators of HIV-1 acquisition: New insights from population genetics",Sci Rep,2020-02-24
(18)F-FDG PET/CT findings of COVID-19: a series of four highly suspected cases,Eur J Nucl Med Mol Imaging,2020-02-22
"Evaluation of the INCREMENT-CPE, Pitt Bacteremia and qPitt Scores in Patients with Carbapenem-Resistant Enterobacteriaceae Infections Treated with Ceftazidime–Avibactam",Infect Dis Ther,2020-02-22
What about lay counselors’ experiences of task-shifting mental health interventions? Example from a family-based intervention in Kenya,Int J Ment Health Syst,2020-02-20
Estimating the case fatality ratio of the COVID-19 epidemic in China,,2020-02-20
"The Secretome Profiling of a Pediatric Airway Epithelium Infected with hRSV Identified Aberrant Apical/Basolateral Trafficking and Novel Immune Modulating (CXCL6, CXCL16, CSF3) and Antiviral (CEACAM1) Proteins",Mol Cell Proteomics,2020-02-19
[Pharmacotherapeutics for the New Coronavirus Pneumonia].,Zhonghua jie he he hu xi za zhi = Zhonghua jiehe he huxi zazhi = Chinese journal of tuberculosis and respiratory diseases,2020-02-14
Acute Disseminated Encephalomyelitis,White Matter Diseases,2020-02-12
A Stable Calcium Alumanyl,Angew Chem Int Ed Engl,2020-01-30
"Detection of Phytophthora infestans by Loop-Mediated Isothermal Amplification, Real-Time LAMP, and Droplet Digital PCR.",Plant disease,2020-01-22
Non-antibiotic Possibilities in Prevention and Treatment of Calf Diarrhoea,J Vet Res,2020-01-20
Complete Variable-Length Codes: An Excursion into Word Edit Operations,Language and Automata Theory and Applications,2020-01-07
Challenges in the diagnosis of paediatric pneumonia in intervention field trials: recommendations from a pneumonia field trial working group,The Lancet Respiratory Medicine,2019-12-31
How to ventilate preterm infants with lung compliance close to circuit compliance: real-time simulations on an infant hybrid respiratory simulator,Med Biol Eng Comput,2019-12-18
Modifiable Areal Unit Problem,International Encyclopedia of Human Geography,2019-12-04
